일련번호,정산지역코드,정류장ID,버스정류장명,정류장 X좌표,정류장 Y좌표
1,26001,6800001,조치원역,127.29713,36.60099
2,26001,6800002,조치원전통시장,127.29819,36.599942
3,26001,6800003,죽림리,127.2989,36.59075
4,26001,6800004,번암리,127.29841,36.5884
5,26001,6800005,번암아파트,127.29582,36.58577
6,26001,6800006,월하리,127.29256,36.57825
7,26001,6800007,월하리(항공학교),127.29147,36.57537
8,26001,6800008,세종장례식장입구,127.287781,36.570132
9,26001,6800009,세종교통,127.28472,36.56604
10,26001,6800010,봉암리,127.28305,36.56358
11,26001,6800011,대원아파트,127.27817,36.55833
12,26001,6800012,실광주유소,127.277268,36.55435
13,26001,6800013,보통2리,127.27837,36.54867
14,26001,6800014,연기리,127.27714,36.54482
15,26001,6800015,연기면사무소,127.27434,36.5415
16,26001,6800016,도담동(도램마을),127.258793,36.51497
17,26001,6800017,정부세종청사북측,127.26143,36.50512
18,26001,6800018,정부세종청사남측,127.259385,36.500837
19,26001,6800019,성남고등학교,127.25617,36.4939
20,26001,6800020,나성동,127.257055,36.487685
21,26001,6800021,첫마을임시터미널,127.26163,36.48107
22,26001,6800022,LH공사,127.27976,36.46941
23,26001,6800023,대평리,127.28132,36.46845
24,26001,6800024,대평리,127.28107,36.46874
25,26001,6800025,충남대의료원(LH공사),127.27977,36.46952
26,26001,6800026,첫마을임시터미널,127.2619,36.48128
27,26001,6800027,나성동,127.25798,36.4869
28,26001,6800028,성남고등학교,127.25656,36.49387
29,26001,6800029,정부세종청사남측,127.26013,36.50162
30,26001,6800030,정부세종청사북측,127.261315,36.50404
31,26001,6800031,도담동(도램마을),127.259393,36.514017
32,26001,6800032,연기리,127.27681,36.54431
33,26001,6800033,보통2리,127.27849,36.54869
34,26001,6800034,실광주유소,127.27737,36.55469
35,26001,6800035,대원아파트,127.27835,36.55839
36,26001,6800036,대원아파트후문,127.28087,36.56068
37,26001,6800037,봉암리,127.28345,36.56387
38,26001,6800038,세종교통,127.28491,36.56604
39,26001,6800039,월암교,127.28778,36.57004
40,26001,6800040,월하리(항공학교),127.29212,36.57633
41,26001,6800041,월하리,127.29276,36.57842
42,26001,6800042,번암아파트,127.297173,36.586698
43,26001,6800043,죽림리,127.29897,36.59127
44,26001,6800044,효성세종병원,127.29895,36.59705
45,26001,6800045,조치원전통시장,127.29861,36.59898
46,26001,6800046,조치원역,127.296902,36.60117
47,26001,6800047,연기리,127.277112,36.544778
48,26001,6800048,연기면사무소,127.274315,36.54167
49,26001,6800049,월산리,127.31163,36.519177
50,26001,6800050,양화1리,127.2956,36.503077
51,26001,6800051,양화리,127.29218,36.50375
52,26001,6800052,양화3리,127.28689,36.50489
53,26001,6800053,진의리입구,127.28517,36.50408
54,26001,6800054,어진중학교(가재마을9단지),127.25491,36.498932
55,26001,6800055,어진중학교(가재마을9단지),127.255035,36.498655
56,26001,6800056,양화3리,127.2869,36.50482
57,26001,6800057,양화리,127.29211,36.50371
58,26001,6800058,양화1리,127.295612,36.50303
59,26001,6800059,연기리,127.276817,36.544362
60,26001,6800060,첫마을1단지,127.2592,36.483845
61,26001,6800062,첫마을4단지,127.25164,36.4802
62,26001,6800063,첫마을5단지,127.24976,36.47762
63,26001,6800064,첫마을6단지,127.25325,36.47507
64,26001,6800065,열병합발전소,127.24613,36.4654
65,26001,6800067,한국영상대학교,127.21124,36.46158
66,26001,6800069,열병합발전소,127.246,36.46513
67,26001,6800075,조치원버스터미널,127.303523,36.602458
68,26001,6800076,중봉리,127.30656,36.60364
69,26001,6800077,서평리,127.31297,36.59864
70,26001,6800078,동평3리,127.31859,36.5868
71,26001,6800079,미경동,127.3185,36.58664
72,26001,6800080,강촌입구,127.317,36.58088
73,26001,6800081,예양2리(강촌),127.308,36.57658
74,26001,6800082,송용3리(신촌),127.30807,36.56901
75,26001,6800083,송용3리,127.30372,36.56038
76,26001,6800084,문주리,127.310048,36.546467
77,26001,6800085,용호1리,127.30896,36.53951
78,26001,6800086,용호리,127.31142,36.53916
79,26001,6800087,용호2리,127.31352,36.5373
80,26001,6800088,용호3리,127.31757,36.53647
81,26001,6800089,합강리,127.33119,36.52605
82,26001,6800090,합강1리,127.32742,36.52146
83,26001,6800091,합강1리,127.327515,36.521393
84,26001,6800092,합강리,127.33143,36.52643
85,26001,6800093,삼성전기,127.33697,36.537797
86,26001,6800094,응암농공단지,127.33419,36.54621
87,26001,6800095,교과서박물관,127.33046,36.54933
88,26001,6800096,연동중학교,127.32801,36.5529
89,26001,6800097,내판역,127.32516,36.55796
90,26001,6800098,송용리,127.323177,36.561985
91,26001,6800099,예양리,127.32321,36.57279
92,26001,6800100,양세오충각,127.3219,36.57838
93,26001,6800101,동평3리,127.31843,36.58647
94,26001,6800102,미경동,127.31851,36.58654
95,26001,6800103,서평리,127.31318,36.59852
96,26001,6800104,서평리,127.3131,36.59867
97,26001,6800105,중봉리,127.30684,36.60392
98,26001,6800106,조치원공영버스터미널,127.3027,36.601998
99,26001,6800107,양세오충각,127.32177,36.57851
100,26001,6800108,예양리,127.32303,36.57283
101,26001,6800109,송용리,127.322987,36.561795
102,26001,6800111,연동중학교,127.32796,36.55275
103,26001,6800112,교과서박물관,127.33021,36.5494
104,26001,6800113,응암농공단지,127.33441,36.5457
105,26001,6800114,명학산업단지 관리사무소,127.336907,36.537922
106,26001,6800124,장군면사무소,127.20511,36.49684
107,26001,6800125,대교리,127.21053,36.50069
108,26001,6800126,봉안리(부일가든),127.21592,36.50016
109,26001,6800127,봉안리,127.22191,36.49899
110,26001,6800128,가재마을5단지.가온마을6단지,127.24736,36.49915
111,26001,6800129,가재마을5단지.가온마을6단지,127.246608,36.499447
112,26001,6800130,봉안리,127.22398,36.49892
113,26001,6800131,봉안리(부일가든),127.21556,36.50061
114,26001,6800132,대교리,127.21121,36.50109
115,26001,6800133,장군면사무소,127.20531,36.49714
116,26001,6800134,하봉리마을회관,127.19032,36.49593
117,26001,6800135,하봉리마을회관,127.190315,36.495753
118,26001,6800136,번암삼거리,127.29416,36.58401
119,26001,6800137,농업기술센터,127.28354,36.57213
120,26001,6800138,쌍전리(우리요양원),127.26937,36.57809
121,26001,6800139,전당골,127.26832,36.58242
122,26001,6800140,쌍전리(우리요양원),127.26923,36.57806
123,26001,6800141,쌍전리마을회관,127.27925,36.57776
124,26001,6800142,월하2리,127.28447,36.58373
125,26001,6800143,도원초등학교,127.28655,36.58576
126,26001,6800144,자이아파트정문,127.29058,36.58847
127,26001,6800145,자이아파트,127.291887,36.59076
128,26001,6800146,신동아아파트,127.29667,36.59199
129,26001,6800147,봉암리,127.283127,36.563652
130,26001,6800148,봉암2리마을회관,127.28701,36.55973
131,26001,6800149,번암삼거리,127.29409,36.58365
132,26001,6800150,세종시문화예술회관,127.29075,36.598
133,26001,6800151,신봉초등학교,127.29016,36.60169
134,26001,6800152,세종여자고등학교입구,127.291415,36.606843
135,26001,6800153,고려대학교,127.29344,36.61076
136,26001,6800154,새주막거리,127.29459,36.61236
137,26001,6800155,세종고등학교,127.29666,36.61024
138,26001,6800156,조치원여중,127.29722,36.60576
139,26001,6800157,세종우체국,127.29789,36.60296
140,26001,6800158,세종중학교,127.29741,36.60578
141,26001,6800159,세종고등학교,127.2968,36.61017
142,26001,6800160,새주막거리,127.29455,36.61256
143,26001,6800161,고려대학교,127.29312,36.61082
144,26001,6800162,세종여자고등학교입구,127.291263,36.607013
145,26001,6800163,신봉초등학교,127.289712,36.602747
146,26001,6800164,세종시문화예술회관,127.290332,36.598852
147,26001,6800165,자이아파트,127.29173,36.59083
148,26001,6800166,자이아파트정문,127.29073,36.58829
149,26001,6800167,와촌효방동,127.233238,36.556557
150,26001,6800168,대륙테크놀로지,127.237373,36.556377
151,26001,6800169,와촌보건진료소앞,127.246388,36.556555
152,26001,6800170,와촌리기와말,127.248723,36.556793
153,26001,6800171,번암터,127.253867,36.563167
154,26001,6800172,와촌1리대실,127.260462,36.5587
155,26001,6800173,공정거래위원회,127.26709,36.50444
156,26001,6800174,첫마을2단지(임시터미널),127.261557,36.481222
157,26001,6800175,첫마을3단지,127.26126,36.47829
158,26001,6800176,첫마을6단지,127.25306,36.47539
159,26001,6800177,첫마을5단지,127.24997,36.47775
160,26001,6800178,첫마을4단지,127.25207,36.48002
161,26001,6800179,첫마을1단지,127.25876,36.48341
162,26001,6800180,금남면사무소,127.28099,36.46476
163,26001,6800181,발산리,127.28428,36.45628
164,26001,6800182,도암리입구,127.28547,36.44768
165,26001,6800183,두만2리,127.291952,36.425727
166,26001,6800184,외삼동,127.31021,36.39836
167,26001,6800185,반석마을입구,127.31199,36.39536
168,26001,6800186,반석역,127.31476,36.39156
169,26001,6800187,극동방송국,127.31835,36.38663
170,26001,6800188,지족역,127.31984,36.3848
171,26001,6800189,지족동,127.323002,36.380253
172,26001,6800190,유성선병원,127.32449,36.376763
173,26001,6800191,열매마을5단지,127.319895,36.376012
174,26001,6800192,지족초등학교,127.31826,36.38014
175,26001,6800193,노은도서관,127.31922,36.38206
176,26001,6800194,지족역,127.32012,36.38524
177,26001,6800195,송림마을아파트,127.31809,36.38783
178,26001,6800196,반석역,127.31543,36.39147
179,26001,6800197,반석마을입구,127.312568,36.395308
180,26001,6800198,외삼동,127.31,36.39936
181,26001,6800199,두만2리,127.291358,36.42734
182,26001,6800200,도암리입구,127.2858,36.44693
183,26001,6800201,발산리,127.28435,36.45634
184,26001,6800202,금남면사무소,127.28099,36.46423
185,26001,6800208,공정거래위원회,127.26734,36.50437
186,26001,6800209,세종여자고등학교,127.28837,36.60653
187,26001,6800210,서창리,127.28432,36.60526
188,26001,6800211,봉산리,127.28092,36.60621
189,26001,6800212,봉산1리마을회관,127.27798,36.60694
190,26001,6800213,봉산1리,127.27739,36.60484
191,26001,6800214,방축골(갑부농원),127.27606,36.60075
192,26001,6800215,세종시민체육관,127.28477,36.594512
193,26001,6800216,신흥주공아파트,127.28973,36.5951
194,26001,6800217,대동초등학교,127.293523,36.59531
195,26001,6800218,죽림리,127.296008,36.596038
196,26001,6800219,조치원역뒤편,127.29509,36.60061
197,26001,6800220,욱일아파트,127.294817,36.602385
198,26001,6800221,세무서 출장민원실,127.29412,36.60607
199,26001,6800222,신흥주공아파트,127.28973,36.59523
200,26001,6800223,세종시민체육관,127.28478,36.59468
201,26001,6800224,월하1리마을회관,127.27467,36.59373
202,26001,6800225,연서면사무소,127.2716,36.59204
203,26001,6800226,성제1리마을회관,127.26919,36.59196
204,26001,6800227,성제삼거리,127.26433,36.58922
205,26001,6800228,성제2리,127.26196,36.5914
206,26001,6800229,고복1리,127.26154,36.59669
207,26001,6800230,고복1리마을회관,127.25795,36.60462
208,26001,6800231,고복리,127.25112,36.607
209,26001,6800232,고복저수지입구,127.24855,36.60938
210,26001,6800233,고복리조각공원,127.24778,36.61279
211,26001,6800234,고복2리,127.24327,36.61349
212,26001,6800235,조치원노인전문병원,127.23862,36.61157
213,26001,6800236,용암리입구,127.23234,36.60881
214,26001,6800237,고복저수지,127.22974,36.60423
215,26001,6800238,용암삼거리,127.2271,36.59958
216,26001,6800239,쌍류리,127.22186,36.59901
217,26001,6800240,쌍류보건진료소,127.21372,36.59467
218,26001,6800241,청라2리,127.209388,36.592833
219,26001,6800242,청라리,127.19832,36.58827
220,26001,6800243,청라2리,127.209288,36.59263
221,26001,6800244,쌍류보건진료소,127.21345,36.59453
222,26001,6800245,쌍류리,127.22171,36.5989
223,26001,6800246,용암리(금단마을),127.227643,36.594412
224,26001,6800247,신대2리(송적골),127.2332,36.59008
225,26001,6800248,신대2리마을회관,127.24817,36.58454
226,26001,6800249,연서초등학교,127.253728,36.581987
227,26001,6800250,연서중학교,127.25676,36.58099
228,26001,6800251,서면,127.26126,36.58628
229,26001,6800252,서세종농협,127.26396,36.58847
230,26001,6800253,성제1리마을회관,127.26913,36.59183
231,26001,6800254,연서면사무소,127.27115,36.59184
232,26001,6800255,월하1리마을회관,127.27439,36.59354
233,26001,6800256,서세종농협,127.26386,36.58857
234,26001,6800257,서면,127.26114,36.58632
235,26001,6800258,연서중학교,127.25696,36.58113
236,26001,6800259,연서초등학교,127.25394,36.58203
237,26001,6800260,신대2리마을회관,127.24801,36.58474
238,26001,6800261,신대2리(송적골),127.2335,36.59011
239,26001,6800263,용암삼거리,127.227267,36.599583
240,26001,6800264,고복저수지,127.2298,36.60408
241,26001,6800265,용암리입구,127.23249,36.60879
242,26001,6800266,조치원노인전문병원,127.23835,36.61154
243,26001,6800267,고복2리,127.24315,36.61318
244,26001,6800268,고복리조각공원,127.2476,36.61275
245,26001,6800269,고복저수지입구,127.24836,36.60976
246,26001,6800270,고복리,127.25073,36.60692
247,26001,6800271,고복1리마을회관,127.25748,36.60506
248,26001,6800272,고복1리,127.2614,36.59675
249,26001,6800273,성제2리,127.26172,36.59151
250,26001,6800274,성제삼거리,127.26419,36.58916
251,26001,6800275,신대1리마을회관,127.25147,36.58112
252,26001,6800276,신대1리,127.25147,36.57817
253,26001,6800277,기룡리(효교동),127.24638,36.57669
254,26001,6800278,평전,127.23765,36.57384
255,26001,6800279,기룡리복지회관,127.23419,36.57314
256,26001,6800280,기룡정미소,127.23243,36.5727
257,26001,6800281,기룡리,127.22424,36.57124
258,26001,6800282,기룡리정미소,127.23264,36.57266
259,26001,6800283,기룡리복지회관,127.23437,36.57304
260,26001,6800284,평전,127.23827,36.57382
261,26001,6800285,기룡리(효교동),127.24621,36.57654
262,26001,6800286,신대1리,127.25158,36.57801
263,26001,6800287,연서감리교회,127.25602,36.57759
264,26001,6800288,국촌2리,127.25936,36.57711
265,26001,6800289,국촌2리마을회관,127.26499,36.57566
266,26001,6800290,국촌1리,127.2725,36.57297
267,26001,6800291,국촌1리(함박산),127.27907,36.57137
268,26001,6800292,세종장례식장,127.28789,36.5702
269,26001,6800293,세종장례식장,127.28215,36.57148
270,26001,6800294,국촌1리(함박산),127.27887,36.5715
271,26001,6800295,국촌1리,127.27255,36.57319
272,26001,6800296,국촌2리마을회관,127.26507,36.57578
273,26001,6800297,국촌2리,127.25925,36.57727
274,26001,6800298,연서감리교회,127.25632,36.57767
275,26001,6800299,신대리,127.25168,36.58099
276,26001,6800300,방축골(갑부농원),127.27599,36.60033
277,26001,6800301,봉산1리,127.27756,36.60486
278,26001,6800302,봉산1리마을회관,127.27801,36.60681
279,26001,6800303,봉산리,127.28081,36.6061
280,26001,6800304,서창리,127.28421,36.60512
281,26001,6800305,세종여자고등학교,127.28828,36.60638
282,26001,6800306,부강버스정류소,127.36624,36.52993
283,26001,6800307,부강역,127.36517,36.53192
284,26001,6800308,부강리,127.36088,36.53291
285,26001,6800309,명학3리,127.35163,36.53472
286,26001,6800310,응암리(가마골),127.34694,36.54116
287,26001,6800311,응암1리마을회관,127.34252,36.54295
288,26001,6800312,명학3리,127.35168,36.53454
289,26001,6800313,부강리,127.35955,36.53303
290,26001,6800314,부강역,127.36464,36.53189
291,26001,6800315,내판역,127.3252,36.55751
292,26001,6800316,내판2리,127.32554,36.55188
293,26001,6800317,내판3리,127.32506,36.54827
294,26001,6800318,용호3리입구,127.321485,36.537467
295,26001,6800319,명학1리,127.34345,36.53703
296,26001,6800320,명학리,127.34787,36.53567
297,26001,6800321,명학리,127.349233,36.535433
298,26001,6800322,명학1리,127.34346,36.5372
299,26001,6800323,용호3리입구,127.321655,36.537545
300,26001,6800324,내판3리,127.325218,36.548163
301,26001,6800325,내판2리,127.32564,36.55202
302,26001,6800326,내판리,127.32507,36.55801
303,26001,6800327,서평1리,127.3147,36.59558
304,26001,6800328,장현진정형외과,127.303837,36.60271
305,26001,6800329,전동 복컴·면사무소·초등학교,127.26404,36.65526
306,26001,6800330,전동삼거리,127.26687,36.65346
307,26001,6800331,심중2리입구,127.27101,36.64988
308,26001,6800332,심중2리입구,127.2811,36.65736
309,26001,6800333,심중2리,127.29224,36.66531
310,26001,6800334,심중2리입구,127.28108,36.6575
311,26001,6800335,심중2리입구,127.27104,36.64999
312,26001,6800336,전동삼거리,127.26695,36.65356
313,26001,6800337,전동 복컴·면사무소·초등학교,127.26387,36.65549
314,26001,6800338,신안1리입구,127.29104,36.61372
315,26001,6800339,중앙요양병원,127.28953,36.61411
316,26001,6800340,신안리마을회관,127.28719,36.61637
317,26001,6800341,구렁말,127.28887,36.61737
318,26001,6800342,홍익대학교,127.29072,36.62178
319,26001,6800343,신안2리(안터),127.28994,36.62633
320,26001,6800344,신안2리입구,127.28909,36.62926
321,26001,6800345,조형아파트,127.28878,36.63471
322,26001,6800346,상봉초등학교,127.28628,36.63758
323,26001,6800347,상봉2리(가마소),127.28379,36.63862
324,26001,6800348,심중1리,127.27603,36.64456
325,26001,6800349,심중2리입구,127.27108,36.64995
326,26001,6800350,전동역,127.26593,36.65419
327,26001,6800351,석곡리입구,127.25977,36.65926
328,26001,6800352,청송리,127.25736,36.66181
329,26001,6800353,청송산업단지입구,127.25556,36.66366
330,26001,6800354,아람달동림권역체험관,127.24464,36.6656
331,26001,6800355,청람리입구,127.23228,36.66142
332,26001,6800356,개미고개,127.22055,36.65799
333,26001,6800357,미곡리,127.21964,36.66418
334,26001,6800358,동교리,127.21719,36.67078
335,26001,6800359,재동아파트,127.20667,36.67954
336,26001,6800360,전의역,127.203905,36.679468
337,26001,6800361,전의역,127.20358,36.67939
338,26001,6800362,재동아파트,127.2066,36.6794
339,26001,6800363,동교리,127.21704,36.67077
340,26001,6800364,미곡리,127.21949,36.66429
341,26001,6800365,개미고개,127.22078,36.65797
342,26001,6800366,청람리입구,127.23251,36.6615
343,26001,6800367,아람달동림권역체험관,127.2448,36.66548
344,26001,6800368,청송산업단지입구,127.25523,36.6638
345,26001,6800369,청송리,127.25721,36.66176
346,26001,6800370,석곡리입구,127.25977,36.65908
347,26001,6800371,보덕리입구,127.27102,36.64988
348,26001,6800372,심중1리,127.27593,36.64451
349,26001,6800373,상봉2리(가마소),127.28365,36.63857
350,26001,6800374,상봉초등학교,127.28622,36.63747
351,26001,6800375,조형아파트,127.28884,36.63441
352,26001,6800376,신안2리입구,127.28909,36.62874
353,26001,6800377,신안2리(안터),127.28975,36.62652
354,26001,6800378,홍익대학교,127.29056,36.62188
355,26001,6800379,신안1리,127.29091,36.61865
356,26001,6800380,구렁말,127.28889,36.61749
357,26001,6800381,신안리마을회관,127.28695,36.61655
358,26001,6800382,중앙요양병원,127.2894,36.614
359,26001,6800383,신안1리입구,127.29121,36.61353
360,26001,6800384,전의중학교,127.19682,36.68047
361,26001,6800385,덕고개,127.19186,36.68046
362,26001,6800386,민석아파트입구,127.18197,36.68099
363,26001,6800387,유천2리,127.17727,36.68292
364,26001,6800388,유천리,127.16919,36.68628
365,26001,6800389,유천리(어천),127.16612,36.68803
366,26001,6800390,행정2리,127.1573,36.68867
367,26001,6800391,운당1리,127.15205,36.69865
368,26001,6800392,운당2리,127.149793,36.705827
369,26001,6800393,KCC앞,127.15296,36.70852
370,26001,6800394,소정리입구,127.15392,36.71191
371,26001,6800395,소정면우체국,127.15486,36.7143
372,26001,6800396,소정리역,127.1567,36.71885
373,26001,6800397,소정면사무소,127.15766,36.72149
374,26001,6800398,대곡4리,127.15982,36.72556
375,26001,6800399,소정육교(맹골),127.16173,36.72646
376,26001,6800400,대곡리,127.16673,36.7296
377,26001,6800401,고등1리마을회관,127.19507,36.71543
378,26001,6800402,소정육교(맹골),127.16202,36.7271
379,26001,6800403,대곡1리,127.15941,36.72607
380,26001,6800404,소정리,127.15813,36.72478
381,26001,6800405,소정면사무소,127.15762,36.72173
382,26001,6800406,소정리역,127.1566,36.71895
383,26001,6800407,소정면우체국,127.15471,36.71422
384,26001,6800408,소정리입구,127.153895,36.712118
385,26001,6800409,KCC앞,127.15287,36.70867
386,26001,6800410,운당1리,127.15261,36.6979
387,26001,6800411,행정2리,127.15728,36.68855
388,26001,6800412,유천리(어천),127.16612,36.6879
389,26001,6800413,유천리,127.16905,36.6862
390,26001,6800414,유천2리,127.17728,36.68278
391,26001,6800415,민석아파트입구,127.18134,36.6811
392,26001,6800416,덕고개,127.19145,36.6803
393,26001,6800417,전의중학교,127.19736,36.68024
394,26001,6800418,전동삼거리,127.26701,36.65369
395,26001,6800419,노장농공단지,127.27033,36.6609
396,26001,6800420,노장2리,127.27271,36.66316
397,26001,6800421,노장3리,127.2727,36.66932
398,26001,6800422,조치원낚시터,127.27078,36.67291
399,26001,6800423,봉대리(평말),127.26314,36.68073
400,26001,6800424,봉대리,127.26529,36.68345
401,26001,6800425,봉대리,127.26512,36.68337
402,26001,6800426,봉대리(평말),127.26305,36.68098
403,26001,6800427,조치원낚시터,127.2706,36.67308
404,26001,6800428,노장3리,127.2725,36.66938
405,26001,6800429,노장2리,127.27263,36.66327
406,26001,6800430,노장농공단지,127.27012,36.66071
407,26001,6800431,전동삼거리,127.2669,36.65378
408,26001,6800432,보덕리입구,127.260807,36.644412
409,26001,6800433,보덕2리마을회관,127.25738,36.64401
410,26001,6800434,보덕리입구,127.260563,36.644265
411,26001,6800435,청람1리마을회관,127.23318,36.65495
412,26001,6800436,청람리,127.23274,36.65165
413,26001,6800437,청람리(동막골),127.23168,36.64433
414,26001,6800438,청람리,127.23286,36.65163
415,26001,6800439,청람1리마을회관,127.23347,36.65476
416,26001,6800440,석곡리,127.25605,36.658745
417,26001,6800441,봉산리(윗말),127.27389,36.61174
418,26001,6800442,송곡1리(예비군훈련장),127.26847,36.62545
419,26001,6800443,송곡보건진료소,127.26911,36.63079
420,26001,6800444,송곡1리,127.26613,36.63073
421,26001,6800445,송곡2리(능골),127.25687,36.62967
422,26001,6800446,송정1리(권고조경),127.25064,36.62871
423,26001,6800447,송정1리,127.24628,36.62792
424,26001,6800448,송정1리(상소골),127.24412,36.62752
425,26001,6800449,송정리(행골),127.24134,36.62748
426,26001,6800450,송정2리(구리골),127.23619,36.62618
427,26001,6800451,송정리,127.2325,36.62505
428,26001,6800452,송정2리(구리골),127.23617,36.62602
429,26001,6800453,송정리(행골),127.24115,36.6274
430,26001,6800454,송정1리(상소골),127.24411,36.62739
431,26001,6800455,송정1리,127.24617,36.6278
432,26001,6800456,송정1리(권고조경),127.25058,36.62849
433,26001,6800457,송곡2리(능골),127.25671,36.62956
434,26001,6800458,송곡2리,127.26045,36.63007
435,26001,6800459,송곡1리,127.26601,36.6306
436,26001,6800460,송곡보건진료소,127.26908,36.63065
437,26001,6800461,송곡1리(예비군훈련장),127.26835,36.62553
438,26001,6800462,봉산리(윗말),127.27374,36.61172
439,26001,6800463,흥진레미콘,127.21388,36.65265
440,26001,6800464,송성1리입구,127.21347,36.649548
441,26001,6800465,송성3리(솔티),127.2174,36.63605
442,26001,6800466,송성1리,127.217545,36.645085
443,26001,6800467,송성1리입구,127.21362,36.649627
444,26001,6800468,흥진레미콘,127.21365,36.65236
445,26001,6800469,한국콜마,127.19353,36.68079
446,26001,6800470,원성리(죽근마을),127.19916,36.67609
447,26001,6800471,신방2리마을회관,127.20598,36.676
448,26001,6800472,베어트리파크,127.21071,36.67207
449,26001,6800473,송성2리입구,127.21428,36.66242
450,26001,6800474,송성2리입구,127.21437,36.66261
451,26001,6800475,베어트리파크,127.21089,36.67203
452,26001,6800476,신방2리마을회관,127.2063,36.67611
453,26001,6800477,원성리(죽근마을),127.19936,36.67622
454,26001,6800478,한국콜마,127.19338,36.68087
455,26001,6800479,원성2리,127.19515,36.67112
456,26001,6800480,신흥리,127.19092,36.66348
457,26001,6800481,영당리(영성들),127.18919,36.66042
458,26001,6800482,대전카톨릭대입구,127.18733,36.65524
459,26001,6800483,양곡리,127.17697,36.64323
460,26001,6800484,세종미래산업단지,127.17637,36.63987
461,26001,6800485,달전1리,127.17432,36.63113
462,26001,6800486,달전2리입구,127.17495,36.62689
463,26001,6800487,달전리(태호농장),127.17733,36.61601
464,26001,6800488,금사리,127.17305,36.60976
465,26001,6800489,다방1리마을회관,127.18944,36.60319
466,26001,6800490,다방2리마을회관,127.17442,36.59749
467,26001,6800491,금사리,127.17268,36.60927
468,26001,6800492,달전리(태호농장),127.17748,36.61607
469,26001,6800493,달전2리입구,127.17534,36.62685
470,26001,6800494,부거실(아랫마을),127.19001,36.62586
471,26001,6800495,부거실(윗마을),127.19807,36.62444
472,26001,6800496,부거실(아랫마을),127.19015,36.62598
473,26001,6800497,달전2리입구,127.17504,36.62698
474,26001,6800498,달전1리,127.1745,36.63112
475,26001,6800499,세종미래산업단지,127.17649,36.63972
476,26001,6800500,양곡리,127.1771,36.64316
477,26001,6800501,대전카톨릭대입구,127.18734,36.65494
478,26001,6800502,영당리(영성들),127.18938,36.66047
479,26001,6800503,신흥리,127.19113,36.66359
480,26001,6800504,신흥리(사사),127.19429,36.66931
481,26001,6800505,원성2리,127.19527,36.67103
482,26001,6800506,심중2리입구,127.271423,36.649642
483,26001,6800507,성호아파트,127.20455,36.68196
484,26001,6800508,갈정교,127.2053,36.68899
485,26001,6800509,관정1리,127.19826,36.69905
486,26001,6800511,고등2리,127.18845,36.70594
487,26001,6800512,전의산연수원,127.19218,36.70287
488,26001,6800513,서정2리,127.18976,36.69941
489,26001,6800514,서정2리마을회관,127.18893,36.69661
490,26001,6800515,서정1리마을회관,127.19183,36.68798
491,26001,6800516,감성초등학교,127.28742,36.44355
492,26001,6800517,감성리,127.288328,36.440358
493,26001,6800518,두만리,127.282935,36.434313
494,26001,6800519,국곡리,127.276827,36.428182
495,26001,6800520,국곡리32사단,127.268723,36.426983
496,26001,6800521,국곡리,127.276773,36.428038
497,26001,6800522,옹기마을,127.280295,36.426557
498,26001,6800523,용담리,127.284373,36.42278
499,26001,6800524,안산교,127.297897,36.416018
500,26001,6800525,안상산성,127.297772,36.412613
501,26001,6800526,안산1동,127.299577,36.410462
502,26001,6800527,국방과학연구원,127.303053,36.406037
503,26001,6800528,노은화훼단지,127.326728,36.370257
504,26001,6800529,죽동삼거리,127.331508,36.366523
505,26001,6800530,유성우체국,127.334688,36.362238
506,26001,6800531,유성고속버스터미널,127.336315,36.358888
507,26001,6800532,유성리베라호텔,127.337953,36.354753
508,26001,6800533,유성온천역,127.341933,36.35431
509,26001,6800534,홍인호텔,127.343363,36.35828
510,26001,6800535,충남대학교,127.34444,36.36135
511,26001,6800536,한진오피스텔,127.342942,36.358163
512,26001,6800537,유성온천역,127.341743,36.354842
513,26001,6800538,유성온천역5번출구,127.339942,36.354283
514,26001,6800539,유성자이아파트,127.336823,36.355617
515,26001,6800540,유성고속버스터미널,127.336473,36.358157
516,26001,6800541,유성전화국,127.334317,36.363123
517,26001,6800542,죽동삼거리,127.331642,36.366852
518,26001,6800543,노은화훼단지,127.327133,36.369713
519,26001,6800544,유성여고입구,127.324308,36.376713
520,26001,6800545,국방과학연구소,127.303122,36.406212
521,26001,6800546,안산1동,127.299528,36.41059
522,26001,6800547,안산산성,127.298152,36.414605
523,26001,6800548,안산교,127.297962,36.416227
524,26001,6800549,용담리,127.284472,36.422767
525,26001,6800550,옹기마을,127.280912,36.426727
526,26001,6800551,두만리,127.282793,36.43411
527,26001,6800552,감성리,127.288342,36.440282
528,26001,6800553,감성초등학교,127.28774,36.44337
529,26001,6800554,대추리,127.2057,36.6932
530,26001,6800555,사관정,127.21024,36.69888
531,26001,6800556,중대부,127.21246,36.70488
532,26001,6800557,상대부(쌍태울),127.21146,36.71258
533,26001,6800558,중대부,127.21236,36.70502
534,26001,6800559,사관정앞,127.210102,36.698938
535,26001,6800560,대추리,127.205792,36.693433
536,26001,6800561,서정1리마을회관,127.19201,36.68799
537,26001,6800562,서정2리마을회관,127.18911,36.69659
538,26001,6800563,서정2리,127.1899,36.69944
539,26001,6800564,전의산연수원,127.19239,36.70279
540,26001,6800565,고등2리(안골),127.188527,36.705988
541,26001,6800566,관정1리,127.19813,36.69898
542,26001,6800567,갈정교,127.20517,36.68911
543,26001,6800568,성호아파트,127.20441,36.68191
544,26001,6800571,전의산업단지,127.21057,36.70105
545,26001,6800572,하노곡,127.227163,36.701445
546,26001,6800573,노곡리종점,127.23454,36.70046
547,26001,6800574,하노곡,127.22721,36.70131
548,26001,6800575,종성골,127.22178,36.69603
549,26001,6800576,신정2리,127.21988,36.69472
550,26001,6800577,신정1리,127.21464,36.69158
551,26001,6800578,읍내리,127.204123,36.681557
552,26001,6800579,달전2리입구,127.17521,36.62677
553,26001,6800580,금암리(사기정골),127.21181,36.45775
554,26001,6800581,금암리(솔정자),127.21109,36.4553
555,26001,6800582,금암리(영조주택),127.2104,36.44864
556,26001,6800583,한국영상대기숙사,127.20992,36.44327
557,26001,6800584,금암리노인정,127.2084,36.43813
558,26001,6800585,금암삼거리,127.2185,36.4382
559,26001,6800586,진의리입구,127.28526,36.50408
560,26001,6800587,연기면사무소,127.2744,36.54241
561,26001,6800588,은하수공원,127.24442,36.53181
562,26001,6800589,은하수공원,127.243963,36.532562
563,26001,6800590,연기면사무소,127.27405,36.5423
564,26001,6800591,연기산업단지,127.26691,36.54374
565,26001,6800592,눌왕1리(도덕농장),127.25815,36.54496
566,26001,6800593,수왕초등학교,127.25503,36.54508
567,26001,6800594,눌왕2리(푸른농원),127.24922,36.54602
568,26001,6800595,눌왕2리마을회관,127.24683,36.54452
569,26001,6800596,눌왕2리,127.24391,36.54384
570,26001,6800597,수산리,127.230788,36.540857
571,26001,6800598,수산리(방아다리),127.23693,36.54452
572,26001,6800599,눌왕2리,127.24441,36.54346
573,26001,6800600,눌왕2리마을회관,127.24662,36.5442
574,26001,6800601,눌왕2리(푸른농원),127.24938,36.54592
575,26001,6800602,수왕초등학교,127.25486,36.54498
576,26001,6800603,눌왕1리(도덕농장),127.25815,36.54482
577,26001,6800604,연기산업단지,127.26673,36.54369
578,26001,6800605,연기2리마을회관,127.28017,36.54216
579,26001,6800606,보통1리마을회관,127.29008,36.54493
580,26001,6800607,연기3리(개골),127.284933,36.537763
581,26001,6800608,성강리,127.25092,36.42239
582,26001,6800609,성강리마을회관,127.25331,36.41316
583,26001,6800610,송림사입구,127.29418,36.43892
584,26001,6800611,축산리마을회관,127.3008,36.44147
585,26001,6800612,축산리,127.30656,36.43975
586,26001,6800613,금천1리,127.31367,36.4421
587,26001,6800614,금천1리마을회관,127.3155,36.4421
588,26001,6800615,금천2리마을회관,127.31981,36.43823
589,26001,6800616,금천1리마을회관,127.3156,36.44226
590,26001,6800617,금천1리,127.31377,36.44227
591,26001,6800618,축산리,127.30652,36.43995
592,26001,6800619,축산리마을회관,127.30045,36.44161
593,26001,6800620,송림사입구,127.29402,36.43899
594,26001,6800621,도암리마을회관,127.27825,36.44374
595,26001,6800622,도암리,127.27562,36.4457
596,26001,6800623,도암리마을회관,127.278187,36.44381
597,26001,6800624,전의역,127.2036,36.67953
598,26001,6800625,시청별관입구,127.29481,36.52985
599,26001,6800626,"양지중학교(한뜰마을1,2단지)",127.26767,36.50712
600,26001,6800627,시청별관입구,127.29547,36.52952
601,26001,6800628,장기중학교,127.20217,36.49386
602,26001,6800629,하봉교차로,127.1977,36.48961
603,26001,6800630,은용리,127.195662,36.489195
604,26001,6800631,동현리(공주신관 방면),127.188087,36.487627
605,26001,6800632,공주정명학교(신관동방면),127.178612,36.48631
606,26001,6800633,송선수영장(신관동방면),127.172382,36.48465
607,26001,6800634,송선1통(신관동 방면),127.17051,36.486222
608,26001,6800635,송선2통(신관동 방면),127.161982,36.483703
609,26001,6800636,세종시민체육관,127.28477,36.59455
610,26001,6800637,공주정보고(신관동 방면),127.155442,36.482187
611,26001,6800638,금흥동,127.148877,36.480455
612,26001,6800639,금흥교(법원),127.146685,36.480837
613,26001,6800640,법원/공주교도소(신관초방면),127.142877,36.479063
614,26001,6800641,우남퍼스트빌(신관초방면),127.14005,36.478578
615,26001,6800642,주공2차아파트(터미널방면),127.140177,36.476298
616,26001,6800643,신관초등학교,127.139555,36.474448
617,26001,6800644,주공1차아파트(터미널방면),127.136772,36.474158
618,26001,6800645,관골,127.133057,36.47337
619,26001,6800646,전막사거리,127.314627,36.391808
620,26001,6800647,종합버스터미널(옥룡동방면),127.134575,36.467935
621,26001,6800648,시목동(옥룡동 방면),127.139118,36.463818
622,26001,6800649,옥룡동 주민센터(산성시장),127.13634,36.457363
623,26001,6800650,옥룡동 교차로(산성시장 방면),127.132795,36.456137
624,26001,6800651,옥룡동 회전교차로(산성시장),127.129847,36.456035
625,26001,6800652,중동사거리,127.12621,36.45648
626,26001,6800653,산성시장,127.12498,36.4583
627,26001,6800654,산성동/시내버스정류장,127.123893,36.46027
628,26001,6800655,"산성시장(옥룡동,공주고방면)",127.124697,36.458732
629,26001,6800656,중동사거리,127.12615,36.4563
630,26001,6800657,옥룡동 회전교차로(터미널),127.131593,36.45554
631,26001,6800658,옥룡동 주민센터(시목동방면),127.135852,36.456358
632,26001,6800659,시목동(터미널 방면),127.139402,36.464048
633,26001,6800660,종합버스터미널(신관초방면),127.134992,36.467952
634,26001,6800661,전막사거리,127.31464,36.391823
635,26001,6800662,관골,127.133203,36.47326
636,26001,6800663,주공1차아파트(법원방면),127.136732,36.473792
637,26001,6800664,신관초사거리(신관주공방면),127.138317,36.474125
638,26001,6800665,주공2차아파트(법원방면),127.140475,36.476435
639,26001,6800666,우남퍼스트빌(정보고방면),127.140393,36.47858
640,26001,6800667,공주교도소,127.14324,36.47923
641,26001,6800668,공무원교육원,127.14624,36.48073
642,26001,6800669,금흥동,127.14904,36.48035
643,26001,6800670,공주정보고(장군면 방면),127.155283,36.482062
644,26001,6800671,장기산업단지(장군면방면),127.158917,36.48206
645,26001,6800672,송선2통(장군면 방면),127.162052,36.483592
646,26001,6800673,송선1통(장군면 방면),127.168682,36.484735
647,26001,6800674,송선수영장(장군면방면),127.17248,36.484532
648,26001,6800675,공주정명학교(장군면방면),127.178628,36.486177
649,26001,6800676,동현리(장군면 방면),127.188098,36.487495
650,26001,6800677,은용리,127.19574,36.48912
651,26001,6800678,하봉교차로,127.19782,36.48959
652,26001,6800679,장기중학교,127.20235,36.49398
653,26001,6800680,신봉초등학교,127.28966,36.60283
654,26001,6800681,세종시문화예술회관,127.29035,36.59869
655,26001,6800682,죽림리,127.29571,36.59703
656,26001,6800683,욱일아파트,127.29482,36.60238
657,26001,6800684,침산리,127.29397,36.60684
658,26001,6800685,갈산2리,127.35615,36.53772
659,26001,6800686,응암3리입구,127.35398,36.54658
660,26001,6800687,산수리입구,127.35824,36.55433
661,26001,6800688,산수리,127.358137,36.556337
662,26001,6800689,저산리,127.36194,36.56182
663,26001,6800690,저산2리,127.36536,36.56219
664,26001,6800691,행산리입구,127.372578,36.560275
665,26001,6800692,행산리,127.372667,36.560407
666,26001,6800693,행산리(미건산업입구),127.37354,36.5575
667,26001,6800694,갈산리,127.3677,36.5466
668,26001,6800695,대교1리(밤실입구),127.20716,36.50234
669,26001,6800696,평기리(아랫말),127.19963,36.50672
670,26001,6800697,평기리마을회관,127.19785,36.51012
671,26001,6800698,평기리(상정말),127.197103,36.513517
672,26001,6800699,송학사거리,127.193373,36.535878
673,26001,6800700,용현리,127.20479,36.54313
674,26001,6800701,평촌입구,127.20595,36.54716
675,26001,6800702,용암1리마을회관,127.20846,36.54893
676,26001,6800703,용암2리입구,127.2158,36.552222
677,26001,6800704,용암2리마을회관,127.21266,36.56224
678,26001,6800705,용암1리마을회관,127.208657,36.54888
679,26001,6800706,평촌입구,127.20582,36.54709
680,26001,6800707,용현리,127.20454,36.54304
681,26001,6800708,용현길입구,127.202055,36.540185
682,26001,6800709,송학2리(하나로마트),127.19126,36.53804
683,26001,6800710,송학2리(언고개),127.18796,36.54252
684,26001,6800711,태산리,127.18632,36.55134
685,26001,6800712,의랑초등학교,127.186542,36.547967
686,26001,6800713,송학2리(언고개),127.18782,36.54245
687,26001,6800714,송학2리(하나로마트),127.19066,36.53849
688,26001,6800715,송문리입구,127.19736,36.51462
689,26001,6800716,평기리(상정말),127.197015,36.513528
690,26001,6800717,평기리마을회관,127.19748,36.51018
691,26001,6800718,평기리(아랫말),127.19951,36.50652
692,26001,6800719,대교1리(밤실입구),127.20701,36.50224
693,26001,6800720,장기초등학교,127.20729,36.49667
694,26001,6800721,은용1리,127.21577,36.49328
695,26001,6800722,산학리,127.22186,36.49191
696,26001,6800723,동원주식회사,127.22667,36.4889
697,26001,6800724,영평사입구,127.23838,36.47582
698,26001,6800725,금암삼거리,127.21848,36.43837
699,26001,6800726,금암리노인정,127.2085,36.43827
700,26001,6800727,금암리(웅대원룸),127.20892,36.44168
701,26001,6800728,한국영상대기숙사,127.20993,36.44304
702,26001,6800729,금암리(서봉타운),127.21077,36.44591
703,26001,6800730,금암리(영조주택),127.21055,36.44884
704,26001,6800731,금암리(그린원룸),127.21064,36.45103
705,26001,6800732,열병합발전소,127.24502,36.46547
706,26001,6800733,영평사입구,127.23857,36.47564
707,26001,6800734,동원주식회사,127.22658,36.4881
708,26001,6800735,산학리,127.22221,36.49187
709,26001,6800736,은용1리,127.21585,36.49338
710,26001,6800737,신동아아파트,127.29698,36.59221
711,26001,6800738,세종시청,127.2938,36.59201
712,26001,6800739,세종시청별관,127.29451,36.52665
713,26001,6800740,양화2리,127.28438,36.51038
714,26001,6800741,첫마을3단지,127.26135,36.478
715,26001,6800742,용포리,127.28135,36.46863
716,26001,6800743,양화2리,127.28444,36.5102
717,26001,6800744,세종시청별관,127.29468,36.52647
718,26001,6800745,조치원청사,127.29349,36.59287
719,26001,6800746,침산리,127.29378,36.60717
720,26001,6800747,욱일아파트,127.294825,36.601352
721,26001,6800748,죽림리,127.29892,36.59078
722,26001,6800749,도담중고등학교,127.264615,36.517445
723,26001,6800750,도담초등학교,127.266072,36.51484
724,26001,6800751,"도램마을14,15단지",127.2668,36.51233
725,26001,6800752,도담중고등학교,127.265973,36.51532
726,26001,6800753,죽림리,127.2957,36.59645
727,26001,6800754,오송역,127.32839,36.619232
728,26001,6800755,도담동,127.25896,36.51483
729,26001,6800756,정부세종청사북측,127.261505,36.505068
730,26001,6800757,한솔동,127.261782,36.481082
731,26001,6800758,세종고속시외버스터미널(지상),127.273813,36.469265
732,26001,6800759,세종고속시외버스터미널(지상),127.274002,36.4693
733,26001,6800760,한솔동,127.26243,36.48034
734,26001,6800761,정부세종청사북측,127.261162,36.504175
735,26001,6800762,도담동,127.259187,36.514065
736,26001,6800763,금남초등학교,127.28601,36.47133
737,26001,6800764,신촌리,127.28835,36.47375
738,26001,6800765,호탄리,127.29646,36.47625
739,26001,6800766,"장영실고등학교,호탄리(안터)",127.29868,36.47755
740,26001,6800767,장재리,127.30451,36.47855
741,26001,6800768,장재1리,127.308355,36.479397
742,26001,6800769,장재리(태련암입구),127.312458,36.480075
743,26001,6800770,장재리(길재고개),127.31665,36.48083
744,26001,6800771,황용리,127.3239,36.48109
745,26001,6800772,황용교,127.32418,36.482015
746,26001,6800773,새나루마을1단지,127.32104,36.48592
747,26001,6800774,새나루마을8단지,127.32385,36.48908
748,26001,6800775,새나루마을9단지,127.324742,36.490835
749,26001,6800776,산학연클러스터,127.330505,36.49724
750,26001,6800777,집현동,127.337563,36.498158
751,26001,6800778,부용1리,127.34413,36.49752
752,26001,6800779,부용2리,127.35861,36.5125
753,26001,6800780,부용2리,127.35845,36.51229
754,26001,6800781,부용1리,127.34486,36.49779
755,26001,6800782,집현동,127.333458,36.499955
756,26001,6800783,산학연클러스터,127.33027,36.497568
757,26001,6800784,새나루마을9단지,127.324378,36.490865
758,26001,6800785,새나루마을8단지,127.32362,36.4892
759,26001,6800786,새나루마을1단지,127.32072,36.48595
760,26001,6800787,황용교,127.323948,36.481795
761,26001,6800788,장재리(길재고개),127.31679,36.48096
762,26001,6800789,장재리(태련암입구),127.312432,36.480212
763,26001,6800790,장재리,127.30443,36.4787
764,26001,6800791,"장영실고등학교,호탄리(안터)",127.29841,36.47765
765,26001,6800792,호탄리,127.29645,36.47643
766,26001,6800793,금남초등학교,127.28629,36.47197
767,26001,6800794,대평리,127.281433,36.468483
768,26001,6800795,황용2리,127.3184,36.4745
769,26001,6800796,남곡리마을회관,127.31391,36.47028
770,26001,6800797,황용2리,127.31857,36.47452
771,26001,6800798,황용리삼성복지회관,127.32997,36.48012
772,26001,6800799,황용사,127.33406,36.47403
773,26001,6800800,영대리,127.33543,36.46787
774,26001,6800801,영대1리마을회관,127.33336,36.45845
775,26001,6800802,달전리,127.34699,36.45978
776,26001,6800803,달전리마을회관,127.34918,36.46223
777,26001,6800804,달전리,127.34676,36.45984
778,26001,6800805,영대리,127.33567,36.4678
779,26001,6800806,황용사,127.3342,36.47385
780,26001,6800807,황용리삼성복지회관,127.32967,36.48021
781,26001,6800808,망골,127.35183,36.45954
782,26001,6800809,둔곡동새마을회관,127.36208,36.45706
783,26001,6800810,구룡2통보건소,127.36265,36.45072
784,26001,6800811,구룡2통,127.36545,36.44708
785,26001,6800812,구룡,127.36842,36.44605
786,26001,6800813,구즉동주민센터입구,127.386745,36.439775
787,26001,6800814,구즉동,127.38589,36.43771
788,26001,6800815,구즉초등학교,127.38196,36.43997
789,26001,6800816,구룡,127.36868,36.44612
790,26001,6800817,구룡2통,127.36536,36.44728
791,26001,6800818,구룡2통보건소,127.36266,36.45082
792,26001,6800819,둔곡동새마을회관,127.36216,36.45722
793,26001,6800820,망골,127.35184,36.45971
794,26001,6800821,달전리마을회관,127.349332,36.46222
795,26001,6800822,성덕1리,127.26644,36.46097
796,26001,6800823,영곡2리,127.2553,36.45872
797,26001,6800824,원봉1리마을회관,127.23931,36.45129
798,26001,6800825,원봉1리,127.23924,36.45007
799,26001,6800826,도남리,127.23259,36.44575
800,26001,6800827,금강수목원(산림박물관),127.23549,36.43782
801,26001,6800828,금강수목원(산림박물관),127.23567,36.4378
802,26001,6800829,도남리마을회관,127.23341,36.44309
803,26001,6800830,도남리,127.23284,36.44587
804,26001,6800831,원봉1리,127.23738,36.44815
805,26001,6800832,원봉2리,127.24399,36.44738
806,26001,6800833,원봉2리마을회관,127.2468,36.44547
807,26001,6800834,영곡2리,127.25838,36.44812
808,26001,6800835,영곡리,127.26405,36.45172
809,26001,6800836,성덕2리,127.26691,36.45575
810,26001,6800837,초정약수터,127.33524,36.47949
811,26001,6800838,대박리(광덕사),127.34409,36.47818
812,26001,6800839,대박리,127.3494,36.47707
813,26001,6800840,박산리,127.3546,36.47721
814,26001,6800841,박산고개,127.36245,36.47503
815,26001,6800842,신동,127.36999,36.47515
816,26001,6800843,신동1통,127.3671,36.47515
817,26001,6800844,박산고개,127.36239,36.47516
818,26001,6800845,박산리,127.35433,36.4773
819,26001,6800846,대박리,127.34951,36.47716
820,26001,6800847,대박리(광덕사),127.34445,36.47829
821,26001,6800848,초정약수터,127.3358,36.47936
822,26001,6800849,신동2통,127.37276,36.47456
823,26001,6800850,대동금탄동입구,127.38796,36.47203
824,26001,6800851,금고동,127.39038,36.4667
825,26001,6800852,금고1통,127.39037,36.46376
826,26001,6800853,금고2통,127.38522,36.4589
827,26001,6800854,협진운수,127.38392,36.44546
828,26001,6800855,구즉동주민센터입구,127.386,36.44107
829,26001,6800856,협진운수,127.38408,36.44489
830,26001,6800857,금고동매립장,127.38882,36.46052
831,26001,6800858,금고동,127.39056,36.46679
832,26001,6800859,대동금탄동입구,127.38797,36.47211
833,26001,6800860,신동리.신동2통,127.37954,36.47498
834,26001,6800861,신동2통,127.3728,36.47465
835,26001,6800862,명학산업단지,127.34013,36.53905
836,26001,6800863,명학산업단지,127.34062,36.53897
837,26001,6800864,부강3리,127.368,36.52795
838,26001,6800865,부강성당,127.3702,36.52811
839,26001,6800866,부강삼거리,127.37218,36.52776
840,26001,6800867,등곡3리(충광농원),127.38231,36.51333
841,26001,6800868,등곡리,127.38487,36.50773
842,26001,6800869,매포역(노호2리),127.39272,36.49753
843,26001,6800870,등곡2리,127.40229,36.49376
844,26001,6800871,시목1리,127.41045,36.49045
845,26001,6800872,시목리,127.41432,36.4897
846,26001,6800873,"시목리, 현도중학교",127.42431,36.48395
847,26001,6800874,매봉(매봉리 방면),127.42592,36.47372
848,26001,6800875,매봉(양지리 방면),127.42421,36.47063
849,26001,6800876,양지리,127.42668,36.4592
850,26001,6800877,신탄진,127.428567,36.452767
851,26001,6800878,신탄진,127.428842,36.452843
852,26001,6800879,양지2리,127.42696,36.4593
853,26001,6800880,매봉리,127.42467,36.47087
854,26001,6800881,달계리,127.4263,36.4745
855,26001,6800882,현도면행정복지센터.선동리,127.42426,36.48497
856,26001,6800883,시목리,127.41455,36.48982
857,26001,6800884,시목1리,127.41061,36.49058
858,26001,6800885,등곡2리,127.40245,36.49386
859,26001,6800886,노호1리,127.39858,36.49517
860,26001,6800887,매포역(노호2리),127.39305,36.49737
861,26001,6800888,등곡리,127.38499,36.50735
862,26001,6800889,등곡3리(충광농원),127.3826,36.51325
863,26001,6800890,부강삼거리,127.372,36.52792
864,26001,6800891,부강성당,127.37038,36.52822
865,26001,6800892,부강3리,127.3682,36.52793
866,26001,6800893,부강면,127.366043,36.529987
867,26001,6800894,한화사원아파트,127.36823,36.52627
868,26001,6800895,부강9리,127.36818,36.51915
869,26001,6800896,금호3리,127.3651,36.5095
870,26001,6800897,금호2리공단입구,127.358,36.50417
871,26001,6800898,금호2리노인회관,127.35459,36.50201
872,26001,6800899,금호리,127.36967,36.49383
873,26001,6800900,금호2리노인회관,127.35515,36.50221
874,26001,6800901,금호2리공단입구,127.357892,36.503838
875,26001,6800902,금호3리,127.36516,36.50934
876,26001,6800903,부강9리,127.36841,36.51895
877,26001,6800904,한화사원아파트,127.36838,36.52607
878,26001,6800905,부강초등학교,127.36714,36.52823
879,26001,6800906,부강면,127.36613,36.52986
880,26001,6800907,신대1리마을회관,127.251395,36.581487
881,26001,6800908,죽림리,127.295545,36.597582
882,26001,6800909,대동초등학교,127.295047,36.595673
883,26001,6800910,세종시공원묘원,127.27243,36.69279
884,26001,6800911,백자3리,127.27608,36.70214
885,26001,6800912,백자2리,127.27417,36.71068
886,26001,6800913,해정리,127.27756,36.7197
887,26001,6800914,해정2리,127.27976,36.72692
888,26001,6800915,수신초등학교,127.28432,36.73284
889,26001,6800916,상록리조트후문,127.28407,36.73665
890,26001,6800917,상록리조트정문,127.28623,36.74248
891,26001,6800918,장산3리(송내),127.28926,36.74519
892,26001,6800919,장산4리,127.29091,36.74668
893,26001,6800920,송내리,127.29284,36.75136
894,26001,6800921,모드니에아파트,127.29714,36.75899
895,26001,6800922,병천시장,127.29893,36.7611
896,26001,6800923,병천3리,127.30078,36.76219
897,26001,6800924,유관순열사유적지,127.30339,36.76258
898,26001,6800925,병천고등학교,127.3118,36.7642
899,26001,6800926,병천고등학교,127.31257,36.76454
900,26001,6800927,유관순열사유적지,127.30586,36.76308
901,26001,6800928,병천3리,127.30012,36.76224
902,26001,6800929,병천시장,127.29884,36.76122
903,26001,6800930,모드니에아파트,127.29704,36.75911
904,26001,6800931,장산4리(상리),127.29521,36.75431
905,26001,6800932,송내리,127.29218,36.75019
906,26001,6800933,상록리조트정문,127.28608,36.74247
907,26001,6800934,상록리조트후문,127.28392,36.73662
908,26001,6800935,수신초등학교,127.28411,36.7328
909,26001,6800936,수신면사무소,127.28162,36.73099
910,26001,6800937,속샘말삼거리,127.27975,36.72943
911,26001,6800938,해정2리,127.27959,36.72683
912,26001,6800939,해정리,127.27744,36.71976
913,26001,6800940,백자2리,127.27405,36.71079
914,26001,6800941,백자4리,127.27365,36.7053
915,26001,6800942,백자3리,127.27598,36.70201
916,26001,6800943,세종시공원묘원,127.27229,36.69282
917,26001,6800944,반석역,127.31487,36.39155
918,26001,6800945,반석역,127.31514,36.39142
919,26001,6800946,대동초등학교,127.293438,36.595548
920,26001,6800947,해밀동,127.263968,36.52854
921,26001,6800948,한별동,127.276657,36.533838
922,26001,6800949,한별동,127.275215,36.534012
923,26001,6800950,해밀동,127.264673,36.529672
924,26001,6800951,"새롬동,나성동(청소년센터)",127.25785,36.48685
925,26001,6800952,다정동,127.256397,36.493925
926,26001,6800953,정부세종청사남측,127.259618,36.500887
927,26001,6800954,해밀동,127.26389,36.528652
928,26001,6800955,한별동,127.27527,36.53377
929,26001,6800956,누리리-1,127.287017,36.53436
930,26001,6800957,북측환승터미널,127.303843,36.536787
931,26001,6800958,북측환승터미널,127.303947,36.537123
932,26001,6800959,누리리,127.29205,36.534007
933,26001,6800960,누리리-1,127.288027,36.534328
934,26001,6800961,한별동,127.27661,36.5341
935,26001,6800962,해밀동,127.26478,36.52963
936,26001,6800963,정부세종청사남측,127.25991,36.50173
937,26001,6800964,다정동,127.25649,36.49491
938,26001,6800965,새롬동.나성동,127.25729,36.48771
939,26001,6800966,오송역,127.327217,36.619198
940,26001,6800967,노송1리(노리미),127.328195,36.56931
941,26001,6800968,응암4리,127.34467,36.55802
942,26001,6800969,응암3리입구,127.35382,36.54687
943,26001,6800970,갈산2리,127.35598,36.53756
944,26001,6800971,응암3리입구,127.35395,36.54694
945,26001,6800972,응암4리,127.3448,36.55812
946,26001,6800973,노송1리(노리미),127.32836,36.56935
947,26001,6800974,연동중학교,127.32796,36.55269
948,26001,6800975,청정아파트,127.35153,36.52924
949,26001,6800976,명학2리(황룡사),127.35145,36.52683
950,26001,6800977,청봉사,127.3536,36.52218
951,26001,6800978,용운사,127.347,36.51858
952,26001,6800979,합강2리,127.3428,36.51823
953,26001,6800980,합강공원,127.339745,36.517677
954,26001,6800981,합강2리,127.34261,36.51809
955,26001,6800982,용운사,127.34674,36.51838
956,26001,6800983,명학2리(용당),127.35409,36.52015
957,26001,6800984,청봉사,127.35368,36.52228
958,26001,6800985,명학2리(황룡사),127.35158,36.52685
959,26001,6800986,청정아파트,127.35172,36.52908
960,26001,6800987,부강버스정류소,127.366383,36.530033
961,26001,6800988,부동리마을회관,127.269748,36.559698
962,26001,6800989,와촌1리(대실),127.26078,36.55887
963,26001,6800990,번암터,127.25387,36.56317
964,26001,6800991,세종기숙학원,127.252,36.55689
965,26001,6800992,와촌리(기와말),127.24885,36.55695
966,26001,6800993,와촌보건진료소,127.24644,36.55668
967,26001,6800994,대륙테크놀로지,127.2375,36.55656
968,26001,6800995,효방동,127.23311,36.55671
969,26001,6800996,와촌3리(은암),127.22474,36.55608
970,26001,6800997,용암2리입구,127.215495,36.551987
971,26001,6800998,용암2리마을회관,127.21282,36.56213
972,26001,6800999,용암1리마을회관,127.20851,36.54878
973,26001,6801000,용암2구(띠실),127.212873,36.562285
974,26001,6801001,용암2구(띠실입구),127.215842,36.552008
975,26001,6801002,와촌3리(은암),127.22458,36.55599
976,26001,6801003,금박골,127.22988,36.55686
977,26001,6801004,효방동,127.2332,36.55658
978,26001,6801005,대륙테크놀로지,127.23748,36.55642
979,26001,6801006,와촌보건진료소,127.24644,36.55657
980,26001,6801007,와촌리(기와말),127.2488,36.55682
981,26001,6801008,번암터,127.253867,36.563167
982,26001,6801009,와촌1리(대실),127.26061,36.55868
983,26001,6801010,부동리마을회관,127.26961,36.559635
984,26001,6801011,방축골,127.27733,36.59433
985,26001,6801012,노곡리,127.23461,36.70061
986,26001,6801013,자이아파트정문,127.29073,36.58832
987,26001,6801014,대평리,127.2813,36.468528
988,26001,6801015,금남면사무소,127.28097,36.46472
989,26001,6801016,발산리,127.28405,36.45638
990,26001,6801017,도암리입구,127.28557,36.44731
991,26001,6801018,감성초등학교,127.287408,36.443653
992,26001,6801019,감성리,127.288188,36.440525
993,26001,6801020,두만리,127.282938,36.434287
994,26001,6801021,국곡리,127.276827,36.428182
995,26001,6801022,국곡리32사단,127.268723,36.426983
996,26001,6801023,국곡리,127.276773,36.428038
997,26001,6801024,옹기마을,127.280295,36.426557
998,26001,6801025,용담리,127.284373,36.42278
999,26001,6801026,안산교,127.297897,36.416018
1000,26001,6801027,안상산성,127.297772,36.412613
1001,26001,6801028,안산1동,127.299623,36.410442
1002,26001,6801029,국방과학연구소,127.303063,36.406042
1003,26001,6801030,국방과학연구소,127.303133,36.405902
1004,26001,6801031,안산1동,127.299528,36.41059
1005,26001,6801032,안산산성,127.298137,36.414603
1006,26001,6801033,안산교,127.297962,36.416227
1007,26001,6801034,용담리,127.284472,36.422767
1008,26001,6801035,옹기마을,127.280912,36.426727
1009,26001,6801036,국곡리,127.276827,36.428182
1010,26001,6801037,국곡리32사단,127.268723,36.426983
1011,26001,6801038,국곡리,127.276773,36.428038
1012,26001,6801039,두만리,127.282778,36.43412
1013,26001,6801040,감성리,127.288263,36.440192
1014,26001,6801041,감성초등학교,127.287683,36.443362
1015,26001,6801042,도암리입구,127.28575,36.44691
1016,26001,6801043,발산리,127.28418,36.45648
1017,26001,6801044,금남면사무소,127.28098,36.46423
1018,26001,6801045,대평리,127.28169,36.46831
1019,26001,6801046,부강버스정류소,127.365938,36.529937
1020,26001,6801047,세종장례식장입구,127.287567,36.570328
1021,26001,6801048,전의역,127.20405,36.67946
1022,26001,6801049,전의역,127.20402,36.67933
1023,26001,6801050,자이아파트,127.29192,36.59085
1024,26001,6801051,용포리,127.2813,36.46842
1025,26001,6801052,공정거래위원회,127.26735,36.50435
1026,26001,6801053,정부세종청사북측,127.261382,36.50515
1027,26001,6801054,정부세종청사남측,127.25934,36.500832
1028,26001,6801055,다정동(대성고등학교),127.256185,36.493857
1029,26001,6801056,"새롬동,나성동(청소년센터)",127.257128,36.487738
1030,26001,6801057,한솔동(첫마을),127.261553,36.481135
1031,26001,6801058,첫마을3단지,127.26117,36.47821
1032,26001,6801059,첫마을6단지,127.25308,36.47542
1033,26001,6801060,첫마을5단지,127.25004,36.4777
1034,26001,6801061,첫마을4단지,127.25203,36.47998
1035,26001,6801062,첫마을1단지,127.25863,36.48334
1036,26001,6801063,한솔동(첫마을),127.26187,36.481288
1037,26001,6801064,대평삼거리,127.2794,36.46978
1038,26001,6801065,두만2리,127.291907,36.425743
1039,26001,6801066,두만2리,127.29114,36.42736
1040,26001,6801067,대평삼거리,127.27954,36.46947
1041,26001,6801068,새롬동.나성동,127.257968,36.486883
1042,26001,6801069,다정동(대성고등학교),127.256575,36.493848
1043,26001,6801070,정부세종청사남측,127.260102,36.501603
1044,26001,6801071,정부세종청사북측,127.261687,36.504893
1045,26001,6801072,공정거래위원회,127.26723,36.504128
1046,26001,6801073,송문리(원송정),127.190958,36.513728
1047,26001,6801074,송문리,127.193638,36.51757
1048,26001,6801075,송문리입구,127.19775,36.5148
1049,26001,6801076,의랑초등학교,127.186662,36.547828
1050,26001,6801077,용현리(효도마을),127.202295,36.540253
1051,26001,6801078,용암2리입구,127.215665,36.552132
1052,26001,6801079,용암2리입구,127.215617,36.55213
1053,26001,6801080,용현리(효도마을),127.20234,36.540303
1054,26001,6801081,송문리,127.193742,36.517648
1055,26001,6801082,송문리(원송정),127.190932,36.513647
1056,26001,6801083,외삼1동,127.310075,36.403333
1057,26001,6801084,노은도서관,127.31901,36.382332
1058,26001,6801085,지족초등학교,127.317742,36.379612
1059,26001,6801086,노은역,127.317748,36.373572
1060,26001,6801087,월드컵경기장역,127.317733,36.368883
1061,26001,6801088,노은농수산시장,127.321502,36.366633
1062,26001,6801089,노은농수산시장,127.321487,36.367067
1063,26001,6801090,월드컵경기장역,127.318002,36.367923
1064,26001,6801091,노은역,127.318043,36.374493
1065,26001,6801092,외삼1동,127.3102,36.403228
1066,26001,6801093,세종터미널,127.27252,36.468713
1067,26001,6801094,세종터미널,127.272803,36.468743
1068,26001,6801095,한솔중학교(첫마을7단지),127.25558,36.47538
1069,26001,6801096,한솔중학교(첫마을7단지),127.2557,36.47491
1070,26001,6801097,첫마을7단지,127.25536,36.47508
1071,26001,6801098,문곡1리,127.37805,36.52709
1072,26001,6801099,세종하이텍고등학교,127.38392,36.52812
1073,26001,6801100,문곡3리,127.38761,36.52847
1074,26001,6801101,문곡2리,127.39645,36.52966
1075,26001,6801102,문곡2리,127.39637,36.52978
1076,26001,6801103,문곡3리,127.38782,36.52858
1077,26001,6801104,세종하이텍고등학교,127.3833,36.52808
1078,26001,6801105,문곡1리,127.37843,36.52727
1079,26001,6801106,부강면생활체육관,127.37381,36.52758
1080,26001,6801107,부강버스정류소,127.36617,36.53
1081,26001,6801108,수산리(방아다리),127.23691,36.54436
1082,26001,6801109,은하수공원(종점),127.2452,36.53274
1083,26001,6801110,은하수공원(기점),127.2452,36.53274
1084,26001,6801111,첫마을1단지,127.2592,36.48385
1085,26001,6801112,첫마을4단지,127.2516,36.48019
1086,26001,6801113,첫마을5단지,127.24973,36.47762
1087,26001,6801114,첫마을6단지,127.25326,36.47503
1088,26001,6801115,첫마을7단지,127.25567,36.474958
1089,26001,6801116,첫마을3단지,127.26132,36.47803
1090,26001,6801117,소정2리(넉바위),127.150633,36.716963
1091,26001,6801118,운당2리,127.148965,36.705775
1092,26001,6801119,소정3리,127.14863,36.7121
1093,26001,6801120,석곡리,127.256927,36.659113
1094,26001,6801121,영치리,127.30817,36.45043
1095,26001,6801122,금천1리,127.313642,36.44239
1096,26001,6801123,두만2리,127.29131,36.4272
1097,26001,6801124,심중리시민스포츠센터,127.29874,36.6704
1098,26001,6801125,심중2리,127.29221,36.66544
1099,26001,6801126,보덕1리,127.2733,36.63252
1100,26001,6801127,한마음효요양병원,127.28309,36.63375
1101,26001,6801128,한마음효요양병원,127.28325,36.63387
1102,26001,6801129,보덕1리,127.27317,36.6326
1103,26001,6801130,용호3리,127.31742,36.536552
1104,26001,6801131,용호2리,127.313597,36.537365
1105,26001,6801132,용호리(구판장),127.31153,36.539242
1106,26001,6801133,용호1리,127.309042,36.53962
1107,26001,6801134,문주리,127.310383,36.546987
1108,26001,6801135,송용3리,127.303812,36.560328
1109,26001,6801136,송용3리(신촌),127.30816,36.568868
1110,26001,6801137,예양2리(강촌),127.308115,36.576818
1111,26001,6801138,예양2리,127.317252,36.580863
1112,26001,6801139,조치원역뒤편,127.295105,36.599727
1113,26001,6801140,조치원역(뒷편),127.294695,36.60234
1114,26001,6801141,세종중학교,127.29721,36.60591
1115,26001,6801142,삼성전기,127.33576,36.53729
1116,26001,6801144,세종장례식장입구,127.287572,36.570048
1117,26001,6801145,국무조정실(한뜰마을3단지),127.27132,36.50383
1118,26001,6801146,세종호수공원,127.27738,36.50216
1119,26001,6801148,세종소방서,127.27329,36.50608
1120,26001,6801149,성금교차로(도램마을9단지),127.261513,36.509165
1121,26001,6801150,모가엘가아파트,127.25618,36.51893
1122,26001,6801151,범지기마을10단지,127.25226,36.51879
1123,26001,6801152,아름초등학교,127.25062,36.5147
1124,26001,6801153,"범지기마을6,11단지",127.2498,36.51045
1125,26001,6801154,중흥S클래스센텀파크,127.249623,36.506483
1126,26001,6801155,"가재마을11,12단지",127.25174,36.50441
1127,26001,6801156,연양초등학교,127.25584,36.50352
1128,26001,6801157,산업부(과기정통부),127.26038,36.49753
1129,26001,6801158,문화체육관광부,127.2644,36.49815
1130,26001,6801159,국립세종도서관,127.26729,36.50043
1131,26001,6801160,정부세종청사 중앙동,127.26609,36.50168
1132,26001,6801161,한국개발연구원(KDI),127.307453,36.482577
1133,26001,6801162,한국조세재정연구원,127.30063,36.49285
1134,26001,6801163,한국조세재정연구원,127.30037,36.49277
1135,26001,6801164,한국개발연구원(KDI),127.30716,36.48246
1136,26001,6801165,도램마을9단지,127.262482,36.508483
1137,26001,6801166,정부세종청사 중앙동,127.26608,36.50222
1138,26001,6801167,문화체육관광부,127.26472,36.49931
1139,26001,6801168,산업부(과기정통부),127.2605,36.49776
1140,26001,6801169,진의리,127.28517,36.50483
1141,26001,6801170,진의리,127.28533,36.50488
1142,26001,6801171,세종호수공원,127.27744,36.50234
1143,26001,6801172,국무조정실(한뜰마을3단지),127.27115,36.50408
1144,26001,6801173,송선2리,127.161978,36.483632
1145,26001,6801174,성금교차로(세종포스트빌딩),127.261535,36.507945
1146,26001,6801175,신관사거리,127.131328,36.470713
1147,26001,6801176,신관사거리,127.131293,36.471033
1148,26001,6801177,양지중학교,127.26785,36.50843
1149,26001,6801178,"도담초,중,고등학교",127.26347,36.51335
1150,26001,6801179,아름동커뮤니티센터,127.24733,36.51182
1151,26001,6801180,아름중학교,127.244765,36.514755
1152,26001,6801181,아름동커뮤니티센터,127.24741,36.51163
1153,26001,6801188,구즉동,127.38589,36.437782
1154,26001,6801192,신탄진동행정복지센터,127.428872,36.45212
1155,26001,6801193,신탄진동행정복지센터,127.42857,36.45277
1156,26001,6801194,백자4리,127.27389,36.70507
1157,26001,6801195,수신면사무소,127.28176,36.73094
1158,26001,6801196,장산3리(송내),127.2894,36.74513
1159,26001,6801197,장산4리(상리),127.29562,36.75456
1160,26001,6801198,태산리,127.186122,36.551317
1161,26001,6801199,의랑초등학교,127.186377,36.547855
1162,26001,6801200,금흥교(정보고),127.14634,36.48072
1163,26001,6801201,장기산업단지(신관동 방면),127.159037,36.482298
1164,26001,6801202,봉산리(국제기계),127.27034,36.61816
1165,26001,6801203,봉산리(국제기계),127.27049,36.61812
1166,26001,6801204,봉산리(중뜸),127.27518,36.60959
1167,26001,6801205,봉산리(중뜸),127.27516,36.60936
1168,26001,6801207,번암아파트후문,127.29233,36.58772
1169,26001,6801208,고려대학교,127.293092,36.610837
1170,26001,6801209,조치원버스터미널,127.303667,36.602697
1171,26001,6801210,죽림리,127.295812,36.596648
1172,26001,6801211,봉안리(다름고개),127.2291,36.499018
1173,26001,6801212,성강리마을회관,127.25409,36.41255
1174,26001,6801215,남곡리마을회관,127.31377,36.4704
1175,26001,6801216,황용리(황용1교),127.32127,36.47964
1176,26001,6801217,황용리,127.32678,36.48062
1177,26001,6801218,달전리(한울농장),127.34222,36.46182
1178,26001,6801219,달전리(한울농장),127.34258,36.4617
1179,26001,6801220,박산리(작약골),127.35183,36.47709
1180,26001,6801221,황용리(황용1교),127.321433,36.479772
1181,26001,6801223,아시아제지기숙사,127.36638,36.49129
1182,26001,6801224,아시아제지기숙사,127.36665,36.49114
1183,26001,6801225,행산리,127.37314,36.55633
1184,26001,6801226,노호1리,127.39872,36.495
1185,26001,6801227,산수리,127.358137,36.556337
1186,26001,6801228,행산리입구,127.372577,36.560275
1187,26001,6801229,소정육교,127.16312,36.72718
1188,26001,6801230,고등1리마을회관,127.19521,36.71551
1189,26001,6801231,실광주유소,127.27738,36.55361
1190,26001,6801232,방공학교,127.27817,36.55202
1191,26001,6801233,누리동,127.292157,36.5341
1192,26001,6801237,예양리(강촌입구),127.312387,36.580325
1193,26001,6801238,예양1리,127.32112,36.57621
1194,26001,6801239,예양1리,127.32155,36.57534
1195,26001,6801240,노송2리,127.32616,36.57126
1196,26001,6801241,명학산업단지 관리사무소,127.336985,36.537768
1197,26001,6801242,합강2리(합강공원),127.33971,36.51779
1198,26001,6801243,응암2리,127.34201,36.55719
1199,26001,6801244,명학리,127.34803,36.53579
1200,26001,6801247,삼성전기,127.33576,36.53729
1201,26001,6801249,용호3리입구,127.321315,36.537708
1202,26001,6801251,합강1리,127.327515,36.521392
1203,26001,6801252,영동부화장,127.24063,36.57468
1204,26001,6801253,영동부화장,127.24087,36.57498
1205,26001,6801254,신대1리,127.25175,36.57811
1206,26001,6801255,쌍전리구판장,127.27925,36.57776
1207,26001,6801256,대원아파트후문,127.28143,36.56134
1208,26001,6801257,세종장례식장입구,127.28746,36.57023
1209,26001,6801258,신대리,127.251697,36.581007
1210,26001,6801259,연서초등학교,127.253728,36.581985
1211,26001,6801260,봉안리,127.221308,36.499053
1212,26001,6801261,송문리,127.193705,36.517573
1213,26001,6801262,송문리,127.193683,36.517668
1214,26001,6801263,송문리(원송정),127.190932,36.513645
1215,26001,6801264,송문리(원송정),127.190958,36.513727
1216,26001,6801265,송학리입구,127.193385,36.535722
1217,26001,6801266,용현리(효도마을),127.202295,36.540252
1218,26001,6801267,용현리(효도마을),127.202262,36.540312
1219,26001,6801269,송곡2리,127.26023,36.63014
1220,26001,6801275,신방1리(신암골),127.18462,36.65099
1221,26001,6801276,신방1리(신암골),127.18479,36.651
1222,26001,6801277,비암사입구,127.1863,36.60406
1223,26001,6801278,비암사입구,127.18662,36.60409
1224,26001,6801279,서정리(고수골),127.18937,36.69293
1225,26001,6801280,달계리,127.22103,36.69794
1226,26001,6801282,대추리,127.205792,36.693432
1227,26001,6801283,사관정,127.210102,36.698937
1228,26001,6801285,열병합발전소,127.24523,36.46506
1229,26001,6801286,가람동(이마트앞),127.2518,36.47061
1230,26001,6801287,가람동(이마트앞),127.25208,36.47062
1231,26001,6801288,세종고속시외버스터미널,127.273587,36.46899
1232,26001,6801289,세종고속시외버스터미널,127.273503,36.46881
1233,26001,6801290,도램마을20단지,127.264615,36.517445
1234,26001,6801291,"도램마을16,19단지",127.265972,36.51532
1235,26001,6801292,"도램마을16,19단지",127.266072,36.51484
1236,26001,6801293,"가재마을7,12단지",127.249622,36.506482
1237,26001,6801294,신촌리,127.28809,36.47344
1238,26001,6801295,범지기마을4단지,127.249967,36.508387
1239,26001,6801296,공정거래위원회,127.267197,36.50446
1240,26001,6801297,봉안리(다름고개),127.229077,36.499238
1241,26001,6801298,구즉동,127.386373,36.438215
1242,26001,6801300,은하수공원,127.245332,36.532508
1243,26001,6801301,문주리,127.310502,36.546942
1244,26001,6801302,세종버스터미널,127.274647,36.470123
1245,26001,6801303,세종버스터미널,127.275118,36.46894
1246,26001,6801304,조치원역,127.297078,36.601332
1247,26001,6801307,세종고속시외버스터미널,127.273813,36.469265
1248,26001,6801309,반석역,127.31514,36.39142
1249,26001,6801316,세종고속시외버스터미널,127.274002,36.4693
1250,26001,6801317,반석역,127.31487,36.39155
1251,26001,6801328,두만리,127.28279,36.43423
1252,26001,6801329,용담리(32사 방면),127.28438,36.42269
1253,26001,6801330,안산산성,127.29774,36.4126
1254,26001,6801331,안산1통,127.29963,36.41042
1255,26001,6801332,유성온천역5번출구,127.33994,36.35428
1256,26001,6801333,첫마을3단지,127.26135,36.478
1257,26001,6801334,금남면사무소,127.28098,36.46423
1258,26001,6801335,용포리,127.2813,36.46842
1259,26001,6801336,월드컵경기장,127.31788,36.36888
1260,26001,6801337,안산교,127.29789,36.41583
1261,26001,6801338,온천교,127.3429,36.35811
1262,26001,6801339,유성고속버스터미널,127.33647,36.35815
1263,26001,6801340,안산교,127.29797,36.41643
1264,26001,6801341,용포리,127.28135,36.46863
1265,26001,6801342,지족초등학교,127.31772,36.37942
1266,26001,6801343,도암리입구,127.28575,36.44691
1267,26001,6801344,첫마을4단지,127.25203,36.47998
1268,26001,6801345,대평삼거리,127.2794,36.46978
1269,26001,6801346,대평삼거리,127.27954,36.46947
1270,26001,6801347,한솔중학교(첫마을7단지),127.25558,36.47538
1271,26001,6801348,첫마을6단지,127.25326,36.47503
1272,26001,6801349,노은도서관,127.31912,36.38195
1273,26001,6801350,유성온천역6번출구,127.34174,36.35483
1274,26001,6801351,유성자이아파트,127.3368,36.35588
1275,26001,6801352,감성초등학교,127.28774,36.44337
1276,26001,6801353,두만리(산동마을),127.2877,36.43671
1277,26001,6801354,한솔중학교(첫마을7단지),127.2557,36.47491
1278,26001,6801355,첫마을5단지,127.24973,36.47762
1279,26001,6801356,감성초등학교,127.28742,36.44355
1280,26001,6801357,국곡리32사단,127.26875,36.427
1281,26001,6801358,KT유성지사,127.33469,36.36215
1282,26001,6801359,충남대학교,127.34421,36.36141
1283,26001,6801360,KT유성지사,127.33432,36.36312
1284,26001,6801361,용담리,127.28449,36.42278
1285,26001,6801362,세종버스터미널,127.274647,36.470123
1286,26001,6801363,한솔동(첫마을),127.261553,36.481135
1287,26001,6801364,첫마을1단지,127.25863,36.48334
1288,26001,6801365,한솔동(첫마을),127.26187,36.481288
1289,26001,6801366,노은농수산물시장,127.3215,36.3669
1290,26001,6801367,외삼삼거리,127.3099,36.39935
1291,26001,6801368,감성리,127.288328,36.440358
1292,26001,6801369,국곡리,127.27674,36.42802
1293,26001,6801370,온천교,127.343445,36.358182
1294,26001,6801371,세종버스터미널,127.275118,36.46894
1295,26001,6801372,발산리,127.28418,36.45648
1296,26001,6801373,첫마을5단지,127.25004,36.4777
1297,26001,6801374,월드컵경기장역,127.31808,36.36791
1298,26001,6801375,첫마을1단지,127.2592,36.48385
1299,26001,6801376,외삼1통,127.31015,36.39843
1300,26001,6801377,죽동네거리,127.33152,36.36652
1301,26001,6801378,유성고속버스터미널,127.33616,36.35886
1302,26001,6801379,봉명동우체국,127.33804,36.35464
1303,26001,6801380,유성온천역7번출구,127.34178,36.35429
1304,26001,6801381,죽동네거리,127.33157,36.36675
1305,26001,6801382,안산1통,127.29954,36.41063
1306,26001,6801383,도암리입구,127.28557,36.44731
1307,26001,6801384,안산산성,127.29805,36.41308
1308,26001,6801385,노은역,127.31804,36.37459
1309,26001,6801386,노은농수산물시장,127.3215,36.3667
1310,26001,6801387,지족초등학교,127.31827,36.38024
1311,26001,6801388,지족역,127.32018,36.38505
1312,26001,6801389,송림마을아파트,127.31799,36.38774
1313,26001,6801390,국방과학연구소입구,127.30304,36.40603
1314,26001,6801391,국방과학연구소입구,127.30316,36.40605
1315,26001,6801392,용담1리(옹기마을),127.28061,36.4267
1316,26001,6801393,두만리,127.28305,36.4342
1317,26001,6801394,감성리(32사 방면),127.28813,36.44005
1318,26001,6801395,첫마을3단지,127.26117,36.47821
1319,26001,6801396,외삼1통,127.31003,36.40327
1320,26001,6801397,노은역,127.31782,36.37351
1321,26001,6801398,외삼1통,127.31012,36.40336
1322,26001,6801399,반석마을입구,127.31195,36.39535
1323,26001,6801400,반석마을입구,127.3124,36.3952
1324,26001,6801401,국곡리,127.27676,36.42818
1325,26001,6801402,용담1리(옹기마을),127.28053,36.42655
1326,26001,6801403,금남면사무소,127.28097,36.46472
1327,26001,6801404,발산리,127.28405,36.45638
1328,26001,6801405,첫마을6단지,127.25308,36.47542
1329,26001,6801406,노은도서관,127.31901,36.38214
1330,26001,6801407,첫마을4단지,127.2516,36.48019
1331,26001,6801408,극동방송국,127.31855,36.38664
1332,26001,6801409,지족역,127.31995,36.38494
1333,26001,6801413,금고1통,127.39047,36.46384
1334,26001,6801414,금고2통,127.38511,36.45899
1335,26001,6801415,금고동매립장,127.38863,36.46046
1336,26001,6801416,둔곡동,127.36172,36.45382
1337,26001,6801417,둔곡동,127.36183,36.45383
1338,26001,6801418,송강마을아파트,127.38602,36.4376
1339,26001,6801423,휴먼시아아파트,127.38519,36.43802
1340,26001,6801424,송강마을아파트,127.38576,36.43757
1341,26001,6801426,신동1통,127.36701,36.47508
1342,26001,6801485,조치원전통시장북측,127.300077,36.601428
1343,26001,6801486,대평리원형교차로,127.280518,36.460018
1344,26001,6801487,대평리원형교차로,127.280725,36.460002
1345,26001,6801488,정부세종청사스포츠센터,127.258483,36.506302
1346,26001,6801489,정부세종청사스포츠센터,127.258695,36.50631
1347,26001,6801490,"가재마을9, 10단지",127.252595,36.50181
1348,26001,6801491,종촌종합복지센터,127.247413,36.502218
1349,26001,6801492,"종촌초등학교(가재마을1,2단지)",127.242595,36.502082
1350,26001,6801493,고운중학교,127.236727,36.506882
1351,26001,6801494,고운중학교,127.237758,36.506078
1352,26001,6801495,"종촌초등학교(가재마을1,2단지)",127.242585,36.501883
1353,26001,6801496,종촌종합복지센터,127.246928,36.501915
1354,26001,6801497,"가재마을9, 10단지",127.252563,36.501588
1355,26001,6801798,신흥사거리,127.29129,36.594473
1356,26001,6801799,신흥사거리,127.290965,36.594468
1357,26001,6801800,효성세종병원,127.298707,36.597248
1358,26001,6801801,용암리,127.22782,36.601507
1359,26001,6801802,용암리,127.227668,36.60152
1360,26001,6801803,쌍류리입구,127.218317,36.596617
1361,26001,6801804,쌍류리입구,127.21854,36.596888
1362,26001,6801805,봉암3리,127.27267,36.556133
1363,26001,6801806,봉암3리,127.272985,36.555765
1364,26001,6801807,눌왕리(새터말),127.262568,36.545467
1365,26001,6801808,눌왕리(새터말),127.262378,36.545305
1366,26001,6801809,쌍전리,127.272727,36.575165
1367,26001,6801815,국책연구단지동측,127.305595,36.49621
1368,26001,6801816,세종충남대병원,127.25702,36.51865
1369,26001,6801817,세종충남대병원,127.25616,36.51872
1370,26001,6801818,아름중학교,127.245087,36.514952
1371,26001,6801819,"범지기마을8,12단지",127.250412,36.512503
1372,26001,6801820,아름초등학교,127.25115,36.515358
1373,26001,6801821,범지기마을10단지,127.252475,36.518543
1374,26001,6801822,국책연구단지동측,127.305428,36.496012
1375,26001,6801823,도램마을1단지,127.257255,36.507813
1376,26001,6801824,범지기마을4단지,127.249087,36.507832
1377,26001,6801825,가락마을8단지,127.240585,36.508932
1378,26001,6801826,"종촌고(가재마을3,4단지)",127.243652,36.505072
1379,26001,6801827,문화체육관광부,127.266642,36.496672
1380,26001,6801828,국립세종도서관정문,127.267802,36.499122
1381,26001,6801829,국립세종도서관,127.267463,36.500193
1382,26001,6801830,문화체육관광부(남측),127.265733,36.496028
1383,26001,6801831,연양초등학교,127.255767,36.50369
1384,26001,6801832,가재마을12단지,127.251207,36.504808
1385,26001,6801833,가재마을7단지,127.248972,36.505142
1386,26001,6801834,"종촌고(가재마을3,4단지)",127.244382,36.505243
1387,26001,6801835,가락마을8단지,127.240713,36.508765
1388,26001,6801836,가재마을12단지,127.250502,36.507317
1389,26001,6801837,도램마을1단지,127.257328,36.507575
1390,26001,6801838,"도램마을14,15단지",127.266985,36.510807
1391,26001,6801839,세종기숙학원,127.252235,36.556868
1392,26001,6801840,달전리,127.175532,36.633803
1393,26001,6801841,달전리,127.17542,36.633668
1394,26001,6801842,국책연구단지북측,127.303347,36.495557
1395,26001,6801843,국책연구단지북측,127.303423,36.495982
1396,26001,6801844,"시청,시의회,교육청,세무서",127.288035,36.478187
1397,26001,6801845,"시청,시의회,교육청,세무서",127.288962,36.478827
1398,26001,6801846,선박안전기술공단,127.242283,36.515058
1399,26001,6801847,선박안전기술공단,127.242452,36.5149
1400,26001,6801848,번암아파트후문,127.29204,36.587685
1401,26001,6801849,세무서 출장민원실,127.293993,36.605932
1402,26001,6801850,성덕교차로,127.277648,36.460637
1403,26001,6801851,성덕교차로,127.277615,36.460758
1404,26001,6801852,부용농공단지,127.362475,36.492213
1405,26001,6801853,부용농공단지,127.362257,36.49238
1406,26001,6801854,고운고등학교,127.234363,36.509267
1407,26001,6801855,고운고등학교,127.234242,36.508937
1408,26001,6801856,가락초등학교,127.23375,36.515612
1409,26001,6801857,가락초등학교,127.233615,36.515697
1410,26001,6801858,두루중학교,127.238195,36.51733
1411,26001,6801859,두루중학교,127.237333,36.51749
1412,26001,6801860,"두루초,중학교",127.239462,36.51918
1413,26001,6801861,"두루초,중학교",127.239178,36.518715
1414,26001,6801862,가락마을22단지,127.240575,36.520043
1415,26001,6801863,가락마을22단지,127.241112,36.52018
1416,26001,6801864,"범지기3,9단지(청소년센터)",127.244467,36.518782
1417,26001,6801865,"범지기3,9단지(청소년센터)",127.244938,36.518967
1418,26001,6801866,범지기마을10단지북측,127.2489,36.518988
1419,26001,6801867,범지기마을10단지북측,127.248368,36.519097
1420,26001,6801868,"도담초,중,고등학교",127.262735,36.512958
1421,26001,6801869,"고운초,중학교",127.237742,36.504108
1422,26001,6801870,"고운초,중학교",127.237418,36.50409
1423,26001,6801871,가락마을14단지,127.23311,36.51301
1424,26001,6801872,가락마을14단지,127.233407,36.512952
1425,26001,6801873,도램마을20단지,127.264915,36.517408
1426,26001,6801874,"도램마을8,10단지",127.259538,36.511927
1427,26001,6801875,"도램마을8,10단지",127.259958,36.512147
1428,26001,6801876,온빛초등학교,127.239467,36.514298
1429,26001,6801877,온빛초등학교,127.239312,36.51401
1430,26001,6801878,"가락마을17,18단지",127.234952,36.519852
1431,26001,6801879,"가락마을17,18단지",127.234937,36.519598
1432,26001,6801880,두루고등학교,127.23113,36.517373
1433,26001,6801881,두루고등학교,127.23136,36.517233
1434,26001,6801882,"가락마을10,13단지",127.229378,36.513478
1435,26001,6801883,"가락마을10,13단지",127.229658,36.513497
1436,26001,6801884,"가락마을9,11단지",127.229892,36.51068
1437,26001,6801885,"가락마을9,11단지",127.229628,36.510563
1438,26001,6801886,으뜸초등학교,127.231702,36.50716
1439,26001,6801887,으뜸초등학교,127.231467,36.507037
1440,26001,6801888,고운동커뮤니티센터남측,127.235268,36.504278
1441,26001,6801889,고운동커뮤니티센터남측,127.234777,36.504327
1442,26001,6801890,가재마을7단지,127.248745,36.504952
1443,26001,6801891,대교1리경로당,127.208472,36.516747
1444,26001,6801892,대교1리경로당,127.208393,36.516778
1445,26001,6801893,김종서장군묘,127.211065,36.520252
1446,26001,6801894,김종서장군묘,127.211222,36.520242
1447,26001,6801895,봉암리,127.277127,36.416407
1448,26001,6801896,봉암리,127.277217,36.416478
1449,26001,6801897,송곡2리,127.268438,36.41269
1450,26001,6801898,송곡2리,127.268517,36.412608
1451,26001,6801899,송학1리(전원마을),127.184218,36.527773
1452,26001,6801900,송학1리(전원마을),127.184375,36.527697
1453,26001,6801901,송학삼거리,127.192272,36.53498
1454,26001,6801902,송학삼거리,127.192438,36.534972
1455,26001,6801903,"가재마을5,8단지",127.249862,36.500473
1456,26001,6801904,"가재마을5,8단지",127.249782,36.50092
1457,26001,6801905,고운동커뮤니티센터북측,127.237772,36.520087
1458,26001,6801906,고운동커뮤니티센터북측,127.237667,36.520377
1459,26001,6801907,축산품질평가원,127.24235,36.512102
1460,26001,6801908,다정동(장기로),127.234555,36.499983
1461,26001,6801909,다빛초등학교(가재마을1단지),127.242412,36.49973
1462,26001,6801910,다빛초등학교(가온마을3단지),127.242547,36.499515
1463,26001,6801911,세종시보건소(대동초),127.29355,36.595598
1464,26001,6801912,세종시보건소(대동초),127.295378,36.595585
1465,26001,6801913,산성동종점,127.12387,36.46014
1466,26001,6801914,범지기마을1단지,127.24217,36.508985
1467,26001,6801915,범지기마을1단지,127.24302,36.508725
1468,26001,6801916,축산품질평가원,127.242333,36.511893
1469,26001,6801917,가재마을11단지,127.25017,36.504378
1470,26001,6801982,조치원전통시장북측,127.299628,36.60156
1471,26001,6801983,복지회관,127.369813,36.527188
1472,26001,6801984,가톨릭꽃동네대학교,127.39868,36.524303
1473,26001,6802300,은하수공원,127.245355,36.532675
1474,26001,6802301,금호리,127.369642,36.493708
1475,26001,6802302,"가락마을7,8단지",127.239518,36.505585
1476,26001,6802303,어진동커뮤니티센터,127.256957,36.501862
1477,26001,6802304,어진동커뮤니티센터,127.257157,36.501808
1478,26001,6802305,성강리,127.250752,36.422367
1479,26001,6802306,금천2리마을회관,127.319927,36.43831
1480,26001,6802307,세종소방서,127.273298,36.505912
1481,26001,6802308,대평리원형교차로,127.280725,36.460002
1482,26001,6802309,대평리원형교차로,127.280518,36.460018
1483,26001,6802310,"세종우체국(남부서,보람초)",127.293143,36.480255
1484,26001,6802311,"세종우체국(남부서,보람초)",127.292768,36.480538
1485,26001,6802312,"호려울마을8,9단지",127.296008,36.479647
1486,26001,6802313,"호려울마을8,9단지",127.296745,36.479773
1487,26001,6802314,"새샘마을1,2단지",127.298935,36.480783
1488,26001,6802315,"새샘마을1,2단지",127.299973,36.480852
1489,26001,6802316,방공학교,127.278007,36.551838
1490,26001,6802317,예양2리,127.317265,36.58097
1491,26001,6802318,노송1리,127.330415,36.566805
1492,26001,6802319,장군면복지회관,127.20807,36.499163
1493,26001,6802320,장군면복지회관,127.208195,36.499048
1494,26001,6802321,평기리,127.199213,36.523057
1495,26001,6802322,평기리,127.199068,36.523073
1496,26001,6802323,송학리입구,127.193273,36.53569
1497,26001,6802324,다정동(장기로),127.234568,36.49981
1498,26001,6802325,대전공원묘역입구,127.22469,36.45317
1499,26001,6802326,대전공원묘역입구,127.225075,36.452882
1500,26001,6802327,도남삼거리,127.224235,36.441345
1501,26001,6802328,도남삼거리,127.224503,36.44127
1502,26001,6802329,방축골,127.277315,36.594528
1503,26001,6802330,신대2리(의넘어),127.239512,36.589155
1504,26001,6802331,신대2리(의넘어),127.239607,36.589007
1505,26001,6802332,신대1리마을회관,127.251682,36.581362
1506,26001,6802333,쌍전리(창현),127.280843,36.580098
1507,26001,6802334,삼일아파트,127.297018,36.595042
1508,26001,6802335,성제삼거리,127.264648,36.58887
1509,26001,6802337,상교동입구,127.209183,36.678243
1510,26001,6802338,상교동입구,127.20892,36.678378
1511,26001,6802339,세종장례식장,127.282143,36.571373
1512,26001,6802340,성강리입구,127.252153,36.407423
1513,26001,6802341,성강리입구,127.252058,36.407368
1514,26001,6802342,보통1리마을회관,127.290107,36.544758
1515,26001,6802343,신동,127.369922,36.475247
1516,26001,6802344,응암3리,127.353203,36.54797
1517,26001,6802345,행산1리,127.372535,36.552582
1518,26001,6802346,생천경로당,127.217138,36.605562
1519,26001,6802347,"가락마을16,20단지",127.239155,36.51561
1520,26001,6802348,"가락마을16,20단지",127.239412,36.515592
1521,26001,6802349,"고운뜰공원,대법원등기정보센터",127.241292,36.511422
1522,26001,6802350,"고운뜰공원,대법원등기정보센터",127.241627,36.511387
1523,26001,6802351,"가락마을7,8단지",127.240273,36.505187
1524,26001,6802352,보람동.대평동,127.280733,36.47494
1525,26001,6802353,보람동(해들마을),127.2805,36.474652
1526,26001,6802354,보람동(호려울마을),127.28173,36.475763
1527,26001,6802355,보람동.대평동,127.281635,36.475605
1528,26001,6802356,세종시청.교육청.시의회,127.288187,36.478355
1529,26001,6802357,세종시청.교육청.시의회,127.288768,36.478673
1530,26001,6802358,글벗중학교(새샘마을9단지),127.29862,36.490645
1531,26001,6802359,글벗중학교(새샘마을9단지),127.29846,36.489887
1532,26001,6802360,소담동 새샘마을,127.297267,36.482457
1533,26001,6802361,소담동(새샘마을),127.297703,36.482377
1534,26001,6802362,소담동 새샘마을,127.297737,36.482638
1535,26001,6802363,소담동(새샘마을),127.297323,36.48271
1536,26001,6802366,세종고속시외버스터미널(지하),127.273172,36.470815
1537,26001,6802367,세종고속시외버스터미널(지하),127.273188,36.47064
1538,26001,6802368,국립세종도서관,127.26758,36.500388
1539,26001,6802369,홍익대학교,127.290373,36.62097
1540,26001,6802388,삼일아파트,127.296912,36.594955
1541,26001,6802389,삼성전기,127.336142,36.539645
1542,26001,6802390,삼성전기,127.335947,36.539502
1543,26001,6802391,리봄화장품,127.330857,36.545165
1544,26001,6802392,리봄화장품,127.33051,36.545065
1545,26001,6802393,명학산업단지입구,127.328022,36.549245
1546,26001,6802394,명학산업단지입구,127.327708,36.549108
1547,26001,6802395,대평동(해들마을),127.276308,36.4723
1548,26001,6802396,대평동(해들마을),127.276393,36.471917
1549,26001,6802397,세종고속시외버스터미널,127.273587,36.46899
1550,26001,6802398,세종고속시외버스터미널,127.273503,36.46881
1551,26001,6802399,"가락마을20,21단지",127.24079,36.517507
1552,26001,6802400,"가락마을20,21단지",127.240792,36.517295
1553,26001,6802402,대곡리,127.16679,36.729838
1554,26001,6802403,"가온마을4,7단지",127.24981,36.491228
1555,26001,6802404,"새뜸마을7,10단지",127.249903,36.489882
1556,26001,6802405,새롬동커뮤니티센터,127.250855,36.485848
1557,26001,6802406,새롬동커뮤니티센터,127.25094,36.485132
1558,26001,6802407,"새뜸마을5,8단지",127.253517,36.4825
1559,26001,6802408,"새뜸마을5,8단지",127.253277,36.482392
1560,26001,6803858,대광로제비앙아파트,127.38441,36.44269
1561,26001,6803859,대광로제비앙아파트,127.38485,36.44248
1562,26001,6804602,신탄진역,127.42929,36.44919
1563,26001,6804603,신탄진역,127.428985,36.449577
1564,26001,6805254,"법원.검찰청,경찰청",127.301912,36.486923
1565,26001,6805255,법원.검찰청,127.30137,36.48708
1566,26001,6805256,국책연구단지남측,127.304017,36.491037
1567,26001,6805257,국책연구단지남측,127.30431,36.492313
1568,26001,6805260,봉암리,127.285182,36.561818
1569,26001,6805261,봉암리,127.284293,36.561415
1570,26001,6805484,대교리,127.21055,36.500933
1571,26001,6805485,봉안리,127.219003,36.499358
1572,26001,6805486,봉안리,127.219062,36.499263
1573,26001,6805488,금암리(웅대원룸),127.208803,36.44176
1574,26001,6805489,금암리(서봉타운),127.210638,36.446015
1575,26001,6805490,금암리(그린원룸),127.210507,36.451122
1576,26001,6805491,금암리(솔정자),127.211242,36.45532
1577,26001,6805492,금암리(사기정골),127.211977,36.457767
1578,26001,6805500,송정리.세종요양병원,127.178573,36.502147
1579,26001,6805503,대교리(정계),127.217525,36.509265
1580,26001,6805507,대평동,127.276405,36.472267
1581,26001,6805508,대평동,127.276445,36.472147
1582,26001,6805509,"법원.검찰청,경찰청",127.301743,36.487095
1583,26001,6805510,"법원.검찰청,경찰청",127.301428,36.486842
1584,26001,6805511,국책연구단지,127.304,36.491325
1585,26001,6805513,반곡동(수루배마을),127.312278,36.497738
1586,26001,6805514,반곡동(수루배마을),127.310958,36.497535
1587,26001,6805515,조치원버스터미널,127.302892,36.601898
1588,26001,6805516,조치원버스터미널,127.302758,36.601875
1589,26001,6805517,국책연구단지,127.30433,36.492195
1590,26001,6805518,"가온마을6,9단지",127.24896,36.498607
1591,26001,6805519,다정동커뮤니티센터,127.249035,36.495505
1592,26001,6805520,다정동커뮤니티센터,127.248798,36.49434
1593,26001,6805529,세종예술고등학교,127.268747,36.492488
1594,26001,6805530,세종예술고등학교,127.268778,36.492432
1595,26001,6805531,감성리,127.288358,36.44016
1596,26001,6805532,과학기술정보통신부,127.263035,36.496085
1597,26001,6805533,과학기술정보통신부,127.263487,36.495977
1598,26001,6805534,장기초등학교,127.207398,36.49684
1599,26001,6805535,박산리(작약골),127.351918,36.477003
1600,26001,6805536,장재1리,127.308327,36.479547
1601,26001,6805537,연기2리마을회관,127.280267,36.542323
1602,26001,6805538,번암리,127.29861,36.588328
1603,26001,6805539,황용리,127.323837,36.481345
1604,26001,6805540,한진오피스텔,127.34206,36.35644
1605,26001,6805587,서평1리,127.314592,36.59553
1606,26001,6805588,장산4리,127.290675,36.746712
1607,26001,6805589,속샘말삼거리,127.279863,36.729338
1608,26001,6805590,노송2리,127.326128,36.57114
1609,26001,6805591,응암2리,127.341647,36.55726
1610,26001,6805592,응암3리,127.353092,36.547943
1611,26001,6805593,노송1리,127.330592,36.566877
1612,26001,6805594,부강면생활체육관,127.374267,36.526673
1613,26001,6805595,송용1리마을회관,127.32635,36.564148
1614,26001,6805596,송용1리마을회관,127.326412,36.56423
1615,26001,6805597,송용리,127.323233,36.561652
1616,26001,6805598,송용리,127.323222,36.561795
1617,26001,6805599,응암1리마을회관,127.342643,36.54289
1618,26001,6805600,응암리(영모재),127.344705,36.542248
1619,26001,6805601,응암리(가마골),127.346785,36.541183
1620,26001,6805602,응암리(우리종묘),127.345142,36.539662
1621,26001,6805603,응암리(영모재),127.344755,36.542338
1622,26001,6805604,응암리(우리종묘),127.345297,36.539595
1623,26001,6805605,명학2리(용당),127.35397,36.520263
1624,26001,6805606,문주리입구,127.31128,36.548192
1625,26001,6805607,문주리입구,127.311177,36.548242
1626,26001,6805608,예양2리,127.316592,36.580917
1627,26001,6805609,예양2리,127.316662,36.580803
1628,26001,6805610,예양리(강촌입구),127.312378,36.58041
1629,26001,6805611,노송리,127.335878,36.562662
1630,26001,6805612,부강산업단지입구,127.362262,36.500532
1631,26001,6805613,노송리,127.33604,36.562707
1632,26001,6805614,부강산업단지입구,127.361837,36.500897
1633,26001,6805615,부강산업단지,127.364923,36.498367
1634,26001,6805616,부강산업단지,127.365002,36.498205
1635,26001,6805617,금호2리공단입구,127.358218,36.50402
1636,26001,6805618,갈산1리,127.364697,36.543698
1637,26001,6805620,국립세종도서관정문,127.26764,36.499175
1638,26001,6805621,"가온마을6,9단지",127.249178,36.49861
1639,26001,6805622,"새뜸마을5,6단지",127.251393,36.483235
1640,26001,6805623,"새뜸마을5,6단지",127.251275,36.483393
1641,26001,6805624,"새뜸마을1,2단지",127.247455,36.4826
1642,26001,6805625,"새뜸마을1,2단지",127.247415,36.48279
1643,26001,6805626,"가득초등학교(새뜸마을3,4단지)",127.245547,36.485427
1644,26001,6805627,"가득초등학교(새뜸마을3,4단지)",127.245223,36.485337
1645,26001,6805628,새롬고등학교(새뜸마을7단지),127.249293,36.48695
1646,26001,6805629,새롬고등학교(새뜸마을7단지),127.249253,36.487138
1647,26001,6805630,금박골,127.22984,36.55693
1648,26001,6805631,다방1리마을회관,127.189307,36.603112
1649,26001,6805632,쌍류초등학교,127.208637,36.597535
1650,26001,6805633,쌍류초등학교,127.208475,36.59767
1651,26001,6805634,신흥리(사사),127.194232,36.669437
1652,26001,6805635,쌍류리(월정마을),127.217707,36.595223
1653,26001,6805636,쌍류리(월정마을),127.217495,36.59524
1654,26001,6805637,용암리(금단마을),127.227805,36.594475
1655,26001,6805638,고복저수지,127.227452,36.597747
1656,26001,6805639,고복저수지,127.227323,36.597725
1657,26001,6805640,청라리,127.19847,36.58822
1658,26001,6805641,용암2리,127.212507,36.559972
1659,26001,6805642,용암2리,127.212673,36.559967
1660,26001,6805643,세종첨단산업단지,127.195545,36.719177
1661,26001,6805644,대교에이스,127.200362,36.717767
1662,26001,6805645,행정리,127.157552,36.688597
1663,26001,6805646,행정리,127.157467,36.688753
1664,26001,6805647,쌍전리,127.272613,36.575077
1665,26001,6805648,용암2리입구,127.215493,36.55236
1666,26001,6805650,송정리,127.232528,36.6252
1667,26001,6805651,청람리(동막골),127.231808,36.644357
1668,26001,6805652,신정1리,127.214753,36.691587
1669,26001,6805653,신정2리,127.219942,36.694605
1670,26001,6805654,종성골,127.221863,36.695943
1671,26001,6805655,(주)레이크엘이디앞,127.22101,36.698097
1672,26001,6805656,전의산업단지,127.210677,36.701258
1673,26001,6805657,내판2리,127.32523,36.552695
1674,26001,6805658,내판2리,127.32546,36.552552
1675,26001,6805659,연동중학교,127.328347,36.552748
1676,26001,6805660,연동중학교,127.328292,36.55293
1677,26001,6805661,세종예술고등학교,127.269557,36.492095
1678,26001,6805662,세종예술고등학교,127.268917,36.492705
1679,26001,6805663,나릿재마을,127.258143,36.491403
1680,26001,6805664,나릿재마을,127.258188,36.491218
1681,26001,6805665,대평동커뮤니티센터,127.279088,36.472418
1682,26001,6805666,가락마을6단지,127.238867,36.502547
1683,26001,6805667,대평동커뮤니티센터,127.278833,36.472247
1684,26001,6805668,가락마을6단지,127.238407,36.502468
1685,26001,6805669,국민건강보험공단,127.241697,36.513605
1686,26001,6805670,국민건강보험공단,127.241333,36.513703
1687,26001,6805671,도램마을9단지,127.262548,36.50869
1688,26001,6805672,새롬중학교(새뜸마을1단지),127.249332,36.480455
1689,26001,6805673,새롬중학교(새뜸마을1단지),127.249415,36.480262
1690,26001,6805674,새뜸마을4단지(가온마을1단지),127.244837,36.489455
1691,26001,6805675,새뜸마을4단지(가온마을1단지),127.244768,36.489595
1692,26001,6805676,소담고등학교(새샘마을5단지),127.304532,36.48155
1693,26001,6805677,소담고등학교(새샘마을1단지),127.302773,36.481542
1694,26001,6805678,새샘마을6단지,127.30365,36.485232
1695,26001,6805679,새샘마을6단지,127.303312,36.484887
1696,26001,6805680,다정중학교(가온마을4단지),127.247725,36.493712
1697,26001,6805681,다정중학교(가온마을4단지),127.248183,36.493628
1698,26001,6805682,새뜸마을14단지,127.255833,36.491173
1699,26001,6805683,새뜸마을14단지,127.255042,36.490902
1700,26001,6805684,"가온마을4,7단지",127.24948,36.491552
1701,26001,6805685,새뜸마을10단지,127.250817,36.490573
1702,26001,6805686,다정고등학교(가온마을1단지),127.243043,36.492977
1703,26001,6805687,다정고등학교(가온마을1단지),127.243123,36.492792
1704,26001,6805688,"가온마을2,3단지",127.242057,36.496053
1705,26001,6805689,"가온마을2,3단지",127.241833,36.496175
1706,26001,6805690,한결초등학교,127.247367,36.495893
1707,26001,6805691,한결초등학교,127.247255,36.496055
1708,26001,6805692,"수루배마을8,9단지",127.317688,36.498163
1709,26001,6805693,"수루배마을8,9단지",127.317387,36.498117
1710,26001,6805694,"반곡초,중학교",127.312208,36.50145
1711,26001,6805695,"반곡초,중학교",127.312255,36.50122
1712,26001,6805696,수루배마을1단지,127.306082,36.498988
1713,26001,6805697,수루배마을1단지,127.306357,36.498903
1714,26001,6805698,문화체육관광부,127.266467,36.496745
1715,26001,6805699,산학리(주니어전문스쿨),127.232697,36.482505
1716,26001,6805700,산학리(주니어전문스쿨),127.232757,36.482658
1717,26001,6805701,소정리,127.158133,36.724503
1718,26001,6805702,"새뜸마을1,2단지",127.24617,36.482877
1719,26001,6805703,"새뜸마을1,2단지",127.245913,36.482855
1720,26001,6805704,"새뜸마을3,4단지",127.247012,36.48663
1721,26001,6805705,"새뜸마을3,4단지",127.247073,36.486482
1722,26001,6805706,"한뜰마을1,2단지",127.267947,36.506398
1723,26001,6805807,보건복지부 고용노동부,127.260903,36.502435
1724,26001,6805808,보건복지부 고용노동부,127.260837,36.502213
1725,26001,6805809,고등2리,127.188583,36.706052
1726,26001,6805810,신안2리(안터),127.289837,36.625558
1727,26001,6805811,신안2리(안터),127.289757,36.625627
1728,26001,6805812,하봉저수지,127.189023,36.495138
1729,26001,6805813,하봉저수지,127.189057,36.495007
1730,26001,6805814,반곡동(수루배마을),127.310767,36.497337
1731,26001,6805815,반곡동(수루배마을),127.312252,36.497847
1732,26001,6805816,"국무조정실,공정거래위원회",127.269712,36.503297
1733,26001,6805817,"기획재정부,농림축산식품부",127.2665,36.505438
1734,26001,6806002,서평교,127.316458,36.591895
1735,26001,6806003,서평교,127.316545,36.592007
1736,26001,6806186,깊은내길,127.26876,36.646477
1737,26001,6806187,동산산업,127.147242,36.710328
1738,26001,6806188,운당교차로,127.148932,36.705805
1739,26001,6806189,동산산업,127.147183,36.710518
1740,26001,6806190,깊은내길,127.268755,36.646415
1741,26001,6806233,국방과학연구소,127.30654,36.407493
1742,26001,6806234,내판리(외판1교),127.323047,36.555932
1743,26001,6806235,내판리(외판1교),127.32309,36.555993
1744,26001,6806236,쌍류리(수디산),127.217232,36.609737
1745,26001,6806237,고운동(만남로),127.236315,36.501133
1746,26001,6806238,고운동(만남로),127.235985,36.500435
1747,26001,6806239,연동면 복합커뮤니티센터,127.326537,36.555077
1748,26001,6806240,연동면 복합커뮤니티센터,127.326822,36.555012
1749,26001,6806241,산학연클러스터,127.328825,36.501717
1750,26001,6806242,산학연클러스터,127.32833,36.500788
1751,26001,6806243,집현동,127.322785,36.498135
1752,26001,6806244,집현동,127.321985,36.497917
1753,26001,6806245,누리동,127.29214,36.533977
1754,26001,6806246,수루배마을6단지,127.318452,36.494363
1755,26001,6806247,수루배마을6단지,127.318515,36.494545
1756,26001,6806249,세종누리학교,127.242233,36.525452
1757,26001,6806250,세종누리학교,127.24224,36.525622
1758,26001,6806251,주택성능연구개발센터,127.241567,36.468628
1759,26001,6806252,주택성능연구개발센터,127.241288,36.468438
1760,26001,6806253,장기중학교후문,127.203517,36.495592
1761,26001,6806254,장기중학교후문,127.203627,36.495617
1762,26001,6806255,"새뜸마을7,10단지",127.250695,36.48844
1763,26001,6806256,수루배마을4단지,127.31419,36.50144
1764,26001,6806257,수루배마을4단지,127.31406,36.501285
1765,26001,6806258,수루배마을3단지,127.307365,36.500322
1766,26001,6806259,수루배마을3단지,127.30766,36.500237
1767,26001,6806260,한국산업인력공단(세종지사),127.256808,36.490395
1768,26001,6806261,한국산업인력공단(세종지사),127.256368,36.4903
1769,26001,6806267,반곡고등학교,127.316427,36.49741
1770,26001,6806269,대전공원묘원,127.2266,36.4519
1771,26001,6806270,응암2리마을회관,127.3389,36.5534
1772,26001,6806271,대전공원묘원,127.2269,36.452
1773,26001,6806272,세종충남대학교병원,127.25948,36.520517
1774,26001,6806273,세종충남대학교병원,127.259735,36.521617
1775,26001,6806274,세종충남대학교병원(후문),127.259685,36.5205
1776,26001,6806275,세종충남대학교병원(후문),127.259633,36.52169
1777,26001,6806279,흥화하브아파트,127.149682,36.48045
1778,26001,6806303,흥화하브아파트,127.149648,36.480527
1779,26001,6806304,국립세종수목원(연구동),127.289713,36.498033
1780,26001,6806305,"국립세종수목원,중앙공원",127.283625,36.499648
1781,26001,6806306,세종호수공원,127.279133,36.501882
1782,26001,6806307,세종중앙공원,127.282103,36.50018
1783,26001,6806308,국립세종수목원,127.286745,36.4988
1784,26001,6806309,국립세종수목원(연구동),127.29001,36.497607
1785,26001,6806310,송성1리,127.21739,36.64508
1786,26001,6806315,해밀마을1단지,127.263183,36.524977
1787,26001,6806316,해밀마을1단지,127.263285,36.524572
1788,26001,6806317,원수산MTB공원,127.266377,36.523357
1789,26001,6806318,원수산MTB공원,127.266403,36.52378
1790,26001,6806319,부강2리,127.36597,36.5295
1791,26001,6806320,부강초등학교,127.36722,36.52783
1792,26001,6806321,복지회관,127.36974,36.52697
1793,26001,6806322,부강2리,127.36628,36.52934
1794,26001,6806323,"진웅엠피아,재진가로등",127.336485,36.538208
1795,26001,6806324,"진웅엠피아,재진가로등",127.33663,36.538343
1796,26001,6806325,명학2리,127.35205,36.5236
1797,26001,6806326,명학2리,127.351963,36.523895
1798,26001,6806327,응암3리마을입구,127.35874,36.55073
1799,26001,6806329,아름제2중(가락마을20단지),127.241368,36.51658
1800,26001,6806330,가락마을8단지.가재마을4단지,127.241175,36.507682
1801,26001,6806331,"종촌초등학교(가락마을6, 7단지)",127.240877,36.503438
1802,26001,6806332,종촌초등학교(가재마을3단지),127.241383,36.503805
1803,26001,6806333,가락마을8단지.가재마을4단지,127.241617,36.507628
1804,26001,6806334,아름제2중(가락마을20단지),127.241865,36.516698
1805,26001,6806335,산학연클러스터,127.32914,36.50184
1806,26001,6806336,산학연클러스터,127.3279,36.50067
1807,26001,6806337,집현동,127.32304,36.49804
1808,26001,6806338,집현동,127.32136,36.49818
1809,26001,6806342,해밀고등학교,127.27124,36.52621
1810,26001,6806343,해밀고등학교,127.271563,36.525953
1811,26001,6806344,"나성중학교,나성초등학교",127.26369,36.48943
1812,26001,6806345,"나성중학교,나성초등학교",127.26272,36.49113
1813,26001,6806346,"나릿재마을1,2단지",127.264688,36.487455
1814,26001,6806347,"나릿재마을1,2단지",127.2641,36.48803
1815,26001,6806348,수산리교차로,127.234098,36.537872
1816,26001,6806349,수산리교차로,127.233958,36.538205
1817,26001,6806350,다솜동,127.320273,36.531793
1818,26001,6806351,다솜동,127.31982,36.531963
1819,26001,6806357,전의산업단지교차로,127.21039,36.70158
1820,26001,6806358,다솜동,127.31883,36.53253
1821,26001,6806359,다솜동,127.320307,36.531997
1822,26001,6806360,누리동,127.293642,36.534278
1823,26001,6806361,누리동,127.293675,36.53394
1824,26001,6806362,신흥3리,127.290738,36.595685
1825,26001,6806363,신흥3리,127.291125,36.595632
1826,26001,6806364,조치원 농협,127.286973,36.592982
1827,26001,6806365,조치원 농협,127.286935,36.592815
1828,26001,6806366,신흥푸르지오,127.289962,36.591532
1829,26001,6806367,신흥푸르지오,127.2899,36.591355
1830,26001,6806370,월하리(패션아울렛),127.290305,36.573513
1831,26001,6806371,장욱진화백탑비,127.339498,36.555927
1832,26001,6806372,청미마을회관,127.234045,36.662562
1833,26001,6806388,반곡고등학교,127.316152,36.497835
1834,26001,6806389,반곡고등학교,127.31655,36.49733
1835,26001,6806390,한국농어촌공사,127.2822,36.4683
1836,26001,6806391,한국농어촌공사,127.28234,36.46825
1837,26001,6806392,"새샘마을7,8단지",127.29981,36.48683
1838,26001,6806393,"새샘마을7,8단지",127.30017,36.48709
1839,26001,6806394,동면농협예양지소,127.32163,36.56798
1840,26001,6806395,동면농협예양지소,127.3218,36.56811
1841,26001,6806396,"새나루마을4,9단지",127.32188,36.49207
1842,26001,6806397,"새나루마을4,9단지",127.32226,36.49207
1843,26001,6806398,"새나루마을2,8단지",127.322102,36.48847
1844,26001,6806399,"새나루마을2,8단지",127.322422,36.48858
1845,26001,6806400,"나릿재마을 4,6단지",127.261108,36.491622
1846,26001,6806401,"나릿재마을4,6단지",127.261262,36.491527
1847,26001,6806402,응암3리,127.348623,36.536297
1848,26001,6806403,응암3리,127.348617,36.536138
1849,26001,6806404,평기교,127.202422,36.503437
1850,26001,6806405,평기교,127.202148,36.503347
1851,26001,6806406,"새나루마을9,10단지",127.32451,36.49297
1852,26001,6806407,"새나루마을9,10단지",127.32349,36.49296
1853,26001,6806511,번암안동네,127.292528,36.584552
1854,26001,6806512,세종예술의전당,127.266712,36.484925
1855,26001,6806513,세종예술의전당,127.266283,36.484825
1856,26001,6806514,양지고등학교,127.268335,36.507452
1857,26001,6806515,양지고등학교,127.267015,36.508342
1858,26001,6806516,세종소방서,127.272368,36.506482
1859,26001,6806517,세종소방서,127.272255,36.506167
1860,26001,6806518,전통문화체험관,127.28321,36.503892
1861,26001,6806519,전통문화체험관,127.285408,36.503822
1862,26001,6806520,세종연구단지,127.305563,36.496298
1863,26001,6806521,세종연구단지,127.3053,36.496032
1864,26001,6806522,새나루마을10단지,127.325557,36.493747
1865,26001,6806523,새나루마을10단지,127.325255,36.493748
1866,26001,6806524,새나루마을1단지(후문),127.317472,36.484012
1867,26001,6806525,새나루마을1단지(후문),127.317622,36.483767
1868,26001,6806526,한국개발연구원(KDI),127.3084,36.481965
1869,26001,6806527,신관동행정복지센터(신관초방면),127.132247,36.472308
1870,26001,6806528,등곡리(쌍용양회),127.386003,36.50375
1871,26001,6806529,등곡리(쌍용양회),127.386658,36.50204
1872,26001,6806530,문곡리(호계마을),127.393312,36.528893
1873,26001,6806531,문곡리(호계마을),127.393232,36.529003
1874,26001,6806540,세종중앙공원(주차장),127.270517,36.490652
1875,26001,6806541,세종중앙공원(주차장),127.27011,36.490807
1876,26001,6806542,현대아울렛남문,127.39715,36.4222
1877,26001,6806543,용산고등학교,127.397265,36.420492
1878,26001,6806544,용산고등학교,127.397302,36.419925
1879,26001,6806545,둔산2동주민센터,127.380897,36.353607
1880,26001,6806546,둔산2동주민센터,127.38074,36.35345
1881,26001,6806547,씨에이치씨랩,127.36052,36.46045
1882,26001,6806548,씨에이치씨랩,127.36069,36.46002
1883,26001,6806549,서한이다음1단지,127.36396,36.4554
1884,26001,6806550,우미린아파트,127.36414,36.455377
1885,26001,6806551,롯데마트대덕점,127.38969,36.426872
1886,26001,6806552,롯데마트대덕점,127.38989,36.427097
1887,26001,6806553,테크노밸리12단지,127.39282,36.41731
1888,26001,6806554,테크노밸리12단지,127.392607,36.41709
1889,26001,6806555,테크노밸리6단지,127.38786,36.418797
1890,26001,6806556,테크노밸리6단지,127.38796,36.418498
1891,26001,6806557,대덕고등학교,127.378455,36.386525
1892,26001,6806558,대덕고등학교,127.37879,36.38674
1893,26001,6806559,국립중앙과학관입구,127.379025,36.376727
1894,26001,6806560,통계센터,127.37927,36.359017
1895,26001,6806561,시청환승지,127.38456,36.35251
1896,26001,6806562,둔산경찰서,127.379732,36.35855
1897,26001,6806563,신세계백화점,127.379335,36.376862
1898,26001,6806564,현대아울렛북문,127.399188,36.424775
1899,26001,6806565,서한이다음2단지,127.363253,36.452295
1900,26001,6806566,서한이다음2단지,127.363565,36.452055
1901,26001,6806567,대전세종연구원,127.302345,36.489438
1902,26001,6806568,봉암2교,127.283525,36.559567
1903,26001,6806569,봉암2교,127.283397,36.559727
1904,26001,6806570,봉암리(봉암길),127.284743,36.557848
1905,26001,6806571,봉암리(봉암길),127.284683,36.55775
1906,26001,6806572,"봉암리(봉암길,서원길)",127.286898,36.558242
1907,26001,6806573,"봉암리(봉암길,서원길)",127.287125,36.55856
1908,26001,6900021,첫마을임시터미널,127.26163,36.48107
1909,26001,6900054,어진중학교(가재마을9단지),127.25491,36.498932
1910,26001,6900055,어진중학교(가재마을9단지),127.255035,36.498655
1911,26001,6900075,조치원버스터미널,127.3027,36.602
1912,26001,6900089,합강리,127.33119,36.52605
1913,26001,6900091,합강1리,127.327515,36.521393
1914,26001,6900092,합강리,127.33143,36.52643
1915,26001,6900093,삼성전기,127.335812,36.537408
1916,26001,6900133,장군면사무소,127.20531,36.49714
1917,26001,6900145,자이아파트,127.291887,36.59076
1918,26001,6900174,첫마을2단지(임시터미널),127.261557,36.481222
1919,26001,6900203,첫마을3단지(정부청사행),127.26132,36.478248
1920,26001,6900204,첫마을6단지(정부청사행),127.253097,36.475372
1921,26001,6900205,첫마을5단지(정부청사행),127.250043,36.477737
1922,26001,6900206,첫마을4단지(정부청사행),127.251905,36.480043
1923,26001,6900207,첫마을1단지(정부청사행),127.258627,36.483363
1924,26001,6900306,부강버스정류소,127.36624,36.52993
1925,26001,6900310,응암1리(가마골),127.34694,36.54116
1926,26001,6900311,응암1리복지회관,127.34252,36.54295
1927,26001,6900360,전의역,127.203905,36.679468
1928,26001,6900361,전의역,127.20358,36.67939
1929,26001,6900473,송성2리,127.21428,36.66242
1930,26001,6900474,송성2리입구,127.21437,36.66261
1931,26001,6900475,베어트리파크,127.21089,36.67203
1932,26001,6900519,국곡리,127.276827,36.428182
1933,26001,6900520,국곡리32사단,127.268723,36.426983
1934,26001,6900521,국곡리,127.276773,36.428038
1935,26001,6900624,전의역,127.2036,36.67953
1936,26001,6900754,오송역,127.328685,36.619508
1937,26001,6900795,황룡2리,127.3184,36.4745
1938,26001,6900796,남곡리마을회관,127.31391,36.47028
1939,26001,6900797,황룡2리,127.31857,36.47452
1940,26001,6900801,영대1리마을회관,127.33336,36.45845
1941,26001,6900906,부강면,127.36613,36.52986
1942,26001,6900975,청정아파트,127.351537,36.529352
1943,26001,6900976,황룡사입구,127.351457,36.526828
1944,26001,6900977,청봉사,127.353597,36.522185
1945,26001,6900978,용운사,127.346963,36.518538
1946,26001,6900979,합강2리,127.342782,36.518187
1947,26001,6900980,합강공원,127.337172,36.517562
1948,26001,6900981,합강2리,127.342585,36.518143
1949,26001,6900982,용운사,127.346738,36.518415
1950,26001,6900983,명학2리(용당),127.354078,36.520157
1951,26001,6900984,청봉사,127.353668,36.522258
1952,26001,6900985,황룡사입구,127.351552,36.526843
1953,26001,6900986,청정아파트,127.35168,36.529023
1954,26001,6901021,국곡리,127.276827,36.428182
1955,26001,6901022,국곡리32사단,127.268723,36.426983
1956,26001,6901023,국곡리,127.276773,36.428038
1957,26001,6901050,자이아파트,127.29202,36.590443
1958,26001,6901052,공정거래위원회,127.26735,36.50435
1959,26001,6901054,정부세종청사남측,127.25934,36.500832
1960,26001,6901057,첫마을2단지,127.261553,36.481135
1961,26001,6901058,첫마을3단지,127.26126,36.47829
1962,26001,6901059,첫마을6단지,127.25306,36.47539
1963,26001,6901060,첫마을5단지,127.24997,36.47775
1964,26001,6901061,첫마을4단지,127.25207,36.48002
1965,26001,6901062,첫마을1단지,127.25876,36.48341
1966,26001,6901070,정부세종청사남측,127.260102,36.501603
1967,26001,6901071,정부세종청사북측,127.261687,36.504893
1968,26001,6901097,첫마을7단지,127.25536,36.47508
1969,26001,6901117,소정2리(넉바위),127.1508,36.716935
1970,26001,6901118,운당2리,127.148772,36.705855
1971,26001,6901145,한뜰마을,127.271213,36.503897
1972,26001,6901146,세종호수공원,127.277172,36.502218
1973,26001,6901148,연세초등학교,127.273338,36.506063
1974,26001,6901168,산업부(과기정통부),127.2605,36.49776
1975,26001,6901179,아름동복합커뮤니티센터,127.24733,36.51182
1976,26001,6901181,아름동복합커뮤니티센터,127.24741,36.51163
1977,26001,6901215,남곡리마을회관,127.31377,36.4704
1978,26001,6901288,세종고속시외버스터미널,127.273587,36.46899
1979,26001,6901289,세종고속시외버스터미널,127.273503,36.46881
1980,26001,6901296,공정거래위원회,127.267197,36.50446
1981,26001,6901302,세종고속시외버스터미널,127.274647,36.470123
1982,26001,6901357,국곡리32사단,127.26875,36.427
1983,26001,6901369,국곡리,127.27674,36.42802
1984,26001,6901401,국곡리,127.27676,36.42818
1985,26001,6901827,문화체육관광부,127.266642,36.496672
1986,26001,6902334,삼일아파트,127.297018,36.595042
1987,26001,6902346,생천경로당,127.217138,36.605562
1988,26001,6902366,세종고속시외버스터미널(지하),127.273172,36.470815
1989,26001,6902367,세종고속시외버스터미널(지하),127.273188,36.47064
1990,26001,6902397,세종고속시외버스터미널,127.273587,36.46899
1991,26001,6905612,부강산업단지입구,127.362262,36.500532
1992,26001,6905614,부강산업단지입구,127.361837,36.500897
1993,26001,6905615,부강산업단지,127.364923,36.498367
1994,26001,6905698,문화체육관광부,127.266467,36.496745
1995,26001,6905807,보건복지부 고용노동부,127.260903,36.502435
